model_id,outcome,outcome_label,spec_id,spec_label,include_pre_event_volatility,include_industry,topic_parameterization,formula,n_obs,term,coefficient,std_error,t_stat,p_value,term_label,term_group,coefficient_display,reason
CAR_-3_-1__topic_severity,CAR_-3_-1,"CAR[-3,-1]",topic_severity,Topic + severity,False,False,no_intercept_all_topic_coefficients,"Q(""CAR_-3_-1"") ~ 0 + C(topic) + severity_score",273,C(topic)[accounting_financial_reporting],0.0045161691265409205,0.002406169439186407,1.8769123458188228,0.06053010850074312,Topic: accounting_financial_reporting,topic,0.0045* (0.0024),
CAR_-3_-1__topic_severity,CAR_-3_-1,"CAR[-3,-1]",topic_severity,Topic + severity,False,False,no_intercept_all_topic_coefficients,"Q(""CAR_-3_-1"") ~ 0 + C(topic) + severity_score",273,C(topic)[business_structure],0.004269377207906783,0.004857500905628773,0.8789246344678013,0.3794421407288817,Topic: business_structure,topic,0.0043 (0.0049),
CAR_-3_-1__topic_severity,CAR_-3_-1,"CAR[-3,-1]",topic_severity,Topic + severity,False,False,no_intercept_all_topic_coefficients,"Q(""CAR_-3_-1"") ~ 0 + C(topic) + severity_score",273,C(topic)[mda_liquidity],-0.007963223018743191,0.005297507450671416,-1.5032018534931777,0.13278699972831345,Topic: mda_liquidity,topic,-0.0080 (0.0053),
CAR_-3_-1__topic_severity,CAR_-3_-1,"CAR[-3,-1]",topic_severity,Topic + severity,False,False,no_intercept_all_topic_coefficients,"Q(""CAR_-3_-1"") ~ 0 + C(topic) + severity_score",273,C(topic)[revenue_non_gaap],0.004992184940397615,0.003658975062583796,1.3643670303870201,0.17245207901671955,Topic: revenue_non_gaap,topic,0.0050 (0.0037),
CAR_-3_-1__topic_severity,CAR_-3_-1,"CAR[-3,-1]",topic_severity,Topic + severity,False,False,no_intercept_all_topic_coefficients,"Q(""CAR_-3_-1"") ~ 0 + C(topic) + severity_score",273,C(topic)[risk_legal_regulatory],-0.013633326110925818,0.011940485723472873,-1.141773159539492,0.25354832175009234,Topic: risk_legal_regulatory,topic,-0.0136 (0.0119),
CAR_-3_-1__topic_severity,CAR_-3_-1,"CAR[-3,-1]",topic_severity,Topic + severity,False,False,no_intercept_all_topic_coefficients,"Q(""CAR_-3_-1"") ~ 0 + C(topic) + severity_score",273,C(topic)[routine_other],-0.0023970718698943776,0.00505129720169379,-0.47454579965926313,0.6351107461900458,Topic: routine_other,topic,-0.0024 (0.0051),
CAR_-3_-1__topic_severity,CAR_-3_-1,"CAR[-3,-1]",topic_severity,Topic + severity,False,False,no_intercept_all_topic_coefficients,"Q(""CAR_-3_-1"") ~ 0 + C(topic) + severity_score",273,severity_score,-0.0009849565850180797,0.0006510958133657815,-1.512767498728697,0.13033872723399503,Severity score,main_variable,-0.0010 (0.0007),
CAR_-3_-1__topic_severity_pre_volatility,CAR_-3_-1,"CAR[-3,-1]",topic_severity_pre_volatility,Topic + severity + pre-volatility,True,False,no_intercept_all_topic_coefficients,"Q(""CAR_-3_-1"") ~ 0 + C(topic) + severity_score + pre_event_volatility",273,C(topic)[accounting_financial_reporting],0.004896498411775183,0.0032350961006306794,1.513555783032416,0.13013854293817642,Topic: accounting_financial_reporting,topic,0.0049 (0.0032),
CAR_-3_-1__topic_severity_pre_volatility,CAR_-3_-1,"CAR[-3,-1]",topic_severity_pre_volatility,Topic + severity + pre-volatility,True,False,no_intercept_all_topic_coefficients,"Q(""CAR_-3_-1"") ~ 0 + C(topic) + severity_score + pre_event_volatility",273,C(topic)[business_structure],0.004589593886664484,0.005563823086478635,0.82489932108342,0.4094287518224049,Topic: business_structure,topic,0.0046 (0.0056),
CAR_-3_-1__topic_severity_pre_volatility,CAR_-3_-1,"CAR[-3,-1]",topic_severity_pre_volatility,Topic + severity + pre-volatility,True,False,no_intercept_all_topic_coefficients,"Q(""CAR_-3_-1"") ~ 0 + C(topic) + severity_score + pre_event_volatility",273,C(topic)[mda_liquidity],-0.007561791804243043,0.00574550413208267,-1.3161232905600562,0.188132664916286,Topic: mda_liquidity,topic,-0.0076 (0.0057),
CAR_-3_-1__topic_severity_pre_volatility,CAR_-3_-1,"CAR[-3,-1]",topic_severity_pre_volatility,Topic + severity + pre-volatility,True,False,no_intercept_all_topic_coefficients,"Q(""CAR_-3_-1"") ~ 0 + C(topic) + severity_score + pre_event_volatility",273,C(topic)[revenue_non_gaap],0.005409762823529178,0.004593927849919962,1.1775898534460942,0.23896015688296846,Topic: revenue_non_gaap,topic,0.0054 (0.0046),
CAR_-3_-1__topic_severity_pre_volatility,CAR_-3_-1,"CAR[-3,-1]",topic_severity_pre_volatility,Topic + severity + pre-volatility,True,False,no_intercept_all_topic_coefficients,"Q(""CAR_-3_-1"") ~ 0 + C(topic) + severity_score + pre_event_volatility",273,C(topic)[risk_legal_regulatory],-0.013138774564234446,0.012579500387830341,-1.0444591723964776,0.2962729991099605,Topic: risk_legal_regulatory,topic,-0.0131 (0.0126),
CAR_-3_-1__topic_severity_pre_volatility,CAR_-3_-1,"CAR[-3,-1]",topic_severity_pre_volatility,Topic + severity + pre-volatility,True,False,no_intercept_all_topic_coefficients,"Q(""CAR_-3_-1"") ~ 0 + C(topic) + severity_score + pre_event_volatility",273,C(topic)[routine_other],-0.0019627227603342856,0.005903077952116022,-0.3324914182491401,0.7395182187263358,Topic: routine_other,topic,-0.0020 (0.0059),
CAR_-3_-1__topic_severity_pre_volatility,CAR_-3_-1,"CAR[-3,-1]",topic_severity_pre_volatility,Topic + severity + pre-volatility,True,False,no_intercept_all_topic_coefficients,"Q(""CAR_-3_-1"") ~ 0 + C(topic) + severity_score + pre_event_volatility",273,severity_score,-0.0009781515270214,0.0006430800151809715,-1.5210417116540853,0.12824937021979627,Severity score,main_variable,-0.0010 (0.0006),
CAR_-3_-1__topic_severity_pre_volatility,CAR_-3_-1,"CAR[-3,-1]",topic_severity_pre_volatility,Topic + severity + pre-volatility,True,False,no_intercept_all_topic_coefficients,"Q(""CAR_-3_-1"") ~ 0 + C(topic) + severity_score + pre_event_volatility",273,pre_event_volatility,-0.020589318095620604,0.16357076166540538,-0.12587407361798186,0.8998316056709117,Pre-event volatility,control,-0.0206 (0.1636),
CAR_-3_-1__topic_severity_industry,CAR_-3_-1,"CAR[-3,-1]",topic_severity_industry,Topic + severity + industry,False,True,no_intercept_all_topic_coefficients,"Q(""CAR_-3_-1"") ~ 0 + C(topic) + severity_score + C(industry)",273,C(topic)[accounting_financial_reporting],-0.00911641001742424,0.007055484553263015,-1.2921026116070353,0.19632161160638695,Topic: accounting_financial_reporting,topic,-0.0091 (0.0071),
CAR_-3_-1__topic_severity_industry,CAR_-3_-1,"CAR[-3,-1]",topic_severity_industry,Topic + severity + industry,False,True,no_intercept_all_topic_coefficients,"Q(""CAR_-3_-1"") ~ 0 + C(topic) + severity_score + C(industry)",273,C(topic)[business_structure],-0.009198276905450517,0.008204153837169005,-1.121173138389681,0.2622141712904069,Topic: business_structure,topic,-0.0092 (0.0082),
CAR_-3_-1__topic_severity_industry,CAR_-3_-1,"CAR[-3,-1]",topic_severity_industry,Topic + severity + industry,False,True,no_intercept_all_topic_coefficients,"Q(""CAR_-3_-1"") ~ 0 + C(topic) + severity_score + C(industry)",273,C(topic)[mda_liquidity],-0.021260310874357605,0.008428965730037428,-2.5222917680866166,0.01165929570082086,Topic: mda_liquidity,topic,-0.0213** (0.0084),
CAR_-3_-1__topic_severity_industry,CAR_-3_-1,"CAR[-3,-1]",topic_severity_industry,Topic + severity + industry,False,True,no_intercept_all_topic_coefficients,"Q(""CAR_-3_-1"") ~ 0 + C(topic) + severity_score + C(industry)",273,C(topic)[revenue_non_gaap],-0.007717604971420548,0.00755874436132836,-1.021016798888575,0.30724647980084996,Topic: revenue_non_gaap,topic,-0.0077 (0.0076),
CAR_-3_-1__topic_severity_industry,CAR_-3_-1,"CAR[-3,-1]",topic_severity_industry,Topic + severity + industry,False,True,no_intercept_all_topic_coefficients,"Q(""CAR_-3_-1"") ~ 0 + C(topic) + severity_score + C(industry)",273,C(topic)[risk_legal_regulatory],-0.02557473927275779,0.012234738843407226,-2.090337979428054,0.036587449886237175,Topic: risk_legal_regulatory,topic,-0.0256** (0.0122),
CAR_-3_-1__topic_severity_industry,CAR_-3_-1,"CAR[-3,-1]",topic_severity_industry,Topic + severity + industry,False,True,no_intercept_all_topic_coefficients,"Q(""CAR_-3_-1"") ~ 0 + C(topic) + severity_score + C(industry)",273,C(topic)[routine_other],-0.015474082538242834,0.0076600519446932015,-2.020101514972507,0.043372858755743475,Topic: routine_other,topic,-0.0155** (0.0077),
CAR_-3_-1__topic_severity_industry,CAR_-3_-1,"CAR[-3,-1]",topic_severity_industry,Topic + severity + industry,False,True,no_intercept_all_topic_coefficients,"Q(""CAR_-3_-1"") ~ 0 + C(topic) + severity_score + C(industry)",273,C(industry)[T.Consumer Discretionary],0.013202272188878308,0.00828723691298572,1.5930849241429255,0.11114114089703328,Industry: Consumer Discretionary,industry_control,0.0132 (0.0083),
CAR_-3_-1__topic_severity_industry,CAR_-3_-1,"CAR[-3,-1]",topic_severity_industry,Topic + severity + industry,False,True,no_intercept_all_topic_coefficients,"Q(""CAR_-3_-1"") ~ 0 + C(topic) + severity_score + C(industry)",273,C(industry)[T.Consumer Staples],0.009388001183460223,0.00823908350496082,1.139447267139316,0.25451665080108454,Industry: Consumer Staples,industry_control,0.0094 (0.0082),
CAR_-3_-1__topic_severity_industry,CAR_-3_-1,"CAR[-3,-1]",topic_severity_industry,Topic + severity + industry,False,True,no_intercept_all_topic_coefficients,"Q(""CAR_-3_-1"") ~ 0 + C(topic) + severity_score + C(industry)",273,C(industry)[T.Energy],0.0194846796392861,0.008716899780862411,2.2352763171677044,0.025399213872404736,Industry: Energy,industry_control,0.0195** (0.0087),
CAR_-3_-1__topic_severity_industry,CAR_-3_-1,"CAR[-3,-1]",topic_severity_industry,Topic + severity + industry,False,True,no_intercept_all_topic_coefficients,"Q(""CAR_-3_-1"") ~ 0 + C(topic) + severity_score + C(industry)",273,C(industry)[T.Financials],0.012106384856580159,0.007246022535502872,1.670762793969144,0.094768540200375,Industry: Financials,industry_control,0.0121* (0.0072),
CAR_-3_-1__topic_severity_industry,CAR_-3_-1,"CAR[-3,-1]",topic_severity_industry,Topic + severity + industry,False,True,no_intercept_all_topic_coefficients,"Q(""CAR_-3_-1"") ~ 0 + C(topic) + severity_score + C(industry)",273,C(industry)[T.Health Care],0.021657872293738934,0.010148120084660548,2.1341757993656403,0.03282839293461965,Industry: Health Care,industry_control,0.0217** (0.0101),
CAR_-3_-1__topic_severity_industry,CAR_-3_-1,"CAR[-3,-1]",topic_severity_industry,Topic + severity + industry,False,True,no_intercept_all_topic_coefficients,"Q(""CAR_-3_-1"") ~ 0 + C(topic) + severity_score + C(industry)",273,C(industry)[T.Industrials],0.011348038587749017,0.009340484106171009,1.214930453149818,0.22439261774371977,Industry: Industrials,industry_control,0.0113 (0.0093),
CAR_-3_-1__topic_severity_industry,CAR_-3_-1,"CAR[-3,-1]",topic_severity_industry,Topic + severity + industry,False,True,no_intercept_all_topic_coefficients,"Q(""CAR_-3_-1"") ~ 0 + C(topic) + severity_score + C(industry)",273,C(industry)[T.Information Technology],0.013966232361038916,0.008504456927961177,1.642225068495599,0.10054336930182696,Industry: Information Technology,industry_control,0.0140 (0.0085),
CAR_-3_-1__topic_severity_industry,CAR_-3_-1,"CAR[-3,-1]",topic_severity_industry,Topic + severity + industry,False,True,no_intercept_all_topic_coefficients,"Q(""CAR_-3_-1"") ~ 0 + C(topic) + severity_score + C(industry)",273,C(industry)[T.Materials],0.0023749965208036735,0.01625502149282592,0.14610848234509363,0.8838357503366167,Industry: Materials,industry_control,0.0024 (0.0163),
CAR_-3_-1__topic_severity_industry,CAR_-3_-1,"CAR[-3,-1]",topic_severity_industry,Topic + severity + industry,False,True,no_intercept_all_topic_coefficients,"Q(""CAR_-3_-1"") ~ 0 + C(topic) + severity_score + C(industry)",273,C(industry)[T.Real Estate],0.015072441081672744,0.008055347055150892,1.8711100811025714,0.06132982456542391,Industry: Real Estate,industry_control,0.0151* (0.0081),
CAR_-3_-1__topic_severity_industry,CAR_-3_-1,"CAR[-3,-1]",topic_severity_industry,Topic + severity + industry,False,True,no_intercept_all_topic_coefficients,"Q(""CAR_-3_-1"") ~ 0 + C(topic) + severity_score + C(industry)",273,C(industry)[T.Utilities],0.02382134173518455,0.01374642781242392,1.7329114196238675,0.08311141423996755,Industry: Utilities,industry_control,0.0238* (0.0137),
CAR_-3_-1__topic_severity_industry,CAR_-3_-1,"CAR[-3,-1]",topic_severity_industry,Topic + severity + industry,False,True,no_intercept_all_topic_coefficients,"Q(""CAR_-3_-1"") ~ 0 + C(topic) + severity_score + C(industry)",273,severity_score,-0.0010756398548320582,0.0006603919813203752,-1.6287899993598411,0.1033574825009696,Severity score,main_variable,-0.0011 (0.0007),
CAR_-3_-1__topic_severity_pre_volatility_industry,CAR_-3_-1,"CAR[-3,-1]",topic_severity_pre_volatility_industry,Topic + severity + pre-volatility + industry,True,True,no_intercept_all_topic_coefficients,"Q(""CAR_-3_-1"") ~ 0 + C(topic) + severity_score + pre_event_volatility + C(industry)",273,C(topic)[accounting_financial_reporting],-0.007495991299586571,0.008008301310739213,-0.936027630420745,0.3492589618012689,Topic: accounting_financial_reporting,topic,-0.0075 (0.0080),
CAR_-3_-1__topic_severity_pre_volatility_industry,CAR_-3_-1,"CAR[-3,-1]",topic_severity_pre_volatility_industry,Topic + severity + pre-volatility + industry,True,True,no_intercept_all_topic_coefficients,"Q(""CAR_-3_-1"") ~ 0 + C(topic) + severity_score + pre_event_volatility + C(industry)",273,C(topic)[business_structure],-0.007888246603465156,0.009007580819063147,-0.8757342023255463,0.38117454720901633,Topic: business_structure,topic,-0.0079 (0.0090),
CAR_-3_-1__topic_severity_pre_volatility_industry,CAR_-3_-1,"CAR[-3,-1]",topic_severity_pre_volatility_industry,Topic + severity + pre-volatility + industry,True,True,no_intercept_all_topic_coefficients,"Q(""CAR_-3_-1"") ~ 0 + C(topic) + severity_score + pre_event_volatility + C(industry)",273,C(topic)[mda_liquidity],-0.019551604347577994,0.009328083958467188,-2.0959936075436825,0.036082758013867754,Topic: mda_liquidity,topic,-0.0196** (0.0093),
CAR_-3_-1__topic_severity_pre_volatility_industry,CAR_-3_-1,"CAR[-3,-1]",topic_severity_pre_volatility_industry,Topic + severity + pre-volatility + industry,True,True,no_intercept_all_topic_coefficients,"Q(""CAR_-3_-1"") ~ 0 + C(topic) + severity_score + pre_event_volatility + C(industry)",273,C(topic)[revenue_non_gaap],-0.006035716604806828,0.008667757500527003,-0.6963411937216579,0.4862151812121447,Topic: revenue_non_gaap,topic,-0.0060 (0.0087),
CAR_-3_-1__topic_severity_pre_volatility_industry,CAR_-3_-1,"CAR[-3,-1]",topic_severity_pre_volatility_industry,Topic + severity + pre-volatility + industry,True,True,no_intercept_all_topic_coefficients,"Q(""CAR_-3_-1"") ~ 0 + C(topic) + severity_score + pre_event_volatility + C(industry)",273,C(topic)[risk_legal_regulatory],-0.023701612253016244,0.01303561864642328,-1.8182192112163011,0.06903063486726975,Topic: risk_legal_regulatory,topic,-0.0237* (0.0130),
CAR_-3_-1__topic_severity_pre_volatility_industry,CAR_-3_-1,"CAR[-3,-1]",topic_severity_pre_volatility_industry,Topic + severity + pre-volatility + industry,True,True,no_intercept_all_topic_coefficients,"Q(""CAR_-3_-1"") ~ 0 + C(topic) + severity_score + pre_event_volatility + C(industry)",273,C(topic)[routine_other],-0.01370906909210683,0.008826022544463468,-1.5532556169037297,0.12036207897416161,Topic: routine_other,topic,-0.0137 (0.0088),
CAR_-3_-1__topic_severity_pre_volatility_industry,CAR_-3_-1,"CAR[-3,-1]",topic_severity_pre_volatility_industry,Topic + severity + pre-volatility + industry,True,True,no_intercept_all_topic_coefficients,"Q(""CAR_-3_-1"") ~ 0 + C(topic) + severity_score + pre_event_volatility + C(industry)",273,C(industry)[T.Consumer Discretionary],0.01304905410958391,0.008401918222946662,1.5531041558992271,0.12039825342040701,Industry: Consumer Discretionary,industry_control,0.0130 (0.0084),
CAR_-3_-1__topic_severity_pre_volatility_industry,CAR_-3_-1,"CAR[-3,-1]",topic_severity_pre_volatility_industry,Topic + severity + pre-volatility + industry,True,True,no_intercept_all_topic_coefficients,"Q(""CAR_-3_-1"") ~ 0 + C(topic) + severity_score + pre_event_volatility + C(industry)",273,C(industry)[T.Consumer Staples],0.008876187618915565,0.008364811227273934,1.0611342417356964,0.2886288984117117,Industry: Consumer Staples,industry_control,0.0089 (0.0084),
CAR_-3_-1__topic_severity_pre_volatility_industry,CAR_-3_-1,"CAR[-3,-1]",topic_severity_pre_volatility_industry,Topic + severity + pre-volatility + industry,True,True,no_intercept_all_topic_coefficients,"Q(""CAR_-3_-1"") ~ 0 + C(topic) + severity_score + pre_event_volatility + C(industry)",273,C(industry)[T.Energy],0.019646385105751507,0.008847874661136996,2.220463767648676,0.026387302560195832,Industry: Energy,industry_control,0.0196** (0.0088),
CAR_-3_-1__topic_severity_pre_volatility_industry,CAR_-3_-1,"CAR[-3,-1]",topic_severity_pre_volatility_industry,Topic + severity + pre-volatility + industry,True,True,no_intercept_all_topic_coefficients,"Q(""CAR_-3_-1"") ~ 0 + C(topic) + severity_score + pre_event_volatility + C(industry)",273,C(industry)[T.Financials],0.011642619425367137,0.007496924825225913,1.5529860171722207,0.12042647519177185,Industry: Financials,industry_control,0.0116 (0.0075),
CAR_-3_-1__topic_severity_pre_volatility_industry,CAR_-3_-1,"CAR[-3,-1]",topic_severity_pre_volatility_industry,Topic + severity + pre-volatility + industry,True,True,no_intercept_all_topic_coefficients,"Q(""CAR_-3_-1"") ~ 0 + C(topic) + severity_score + pre_event_volatility + C(industry)",273,C(industry)[T.Health Care],0.021374351134271198,0.01028319100522544,2.0785718288622417,0.03765672251550816,Industry: Health Care,industry_control,0.0214** (0.0103),
CAR_-3_-1__topic_severity_pre_volatility_industry,CAR_-3_-1,"CAR[-3,-1]",topic_severity_pre_volatility_industry,Topic + severity + pre-volatility + industry,True,True,no_intercept_all_topic_coefficients,"Q(""CAR_-3_-1"") ~ 0 + C(topic) + severity_score + pre_event_volatility + C(industry)",273,C(industry)[T.Industrials],0.010762836219117465,0.009651284983975505,1.1151713203980116,0.26477701349215843,Industry: Industrials,industry_control,0.0108 (0.0097),
CAR_-3_-1__topic_severity_pre_volatility_industry,CAR_-3_-1,"CAR[-3,-1]",topic_severity_pre_volatility_industry,Topic + severity + pre-volatility + industry,True,True,no_intercept_all_topic_coefficients,"Q(""CAR_-3_-1"") ~ 0 + C(topic) + severity_score + pre_event_volatility + C(industry)",273,C(industry)[T.Information Technology],0.01388170404191583,0.008647454228161055,1.6052937287264344,0.10842917865498403,Industry: Information Technology,industry_control,0.0139 (0.0086),
CAR_-3_-1__topic_severity_pre_volatility_industry,CAR_-3_-1,"CAR[-3,-1]",topic_severity_pre_volatility_industry,Topic + severity + pre-volatility + industry,True,True,no_intercept_all_topic_coefficients,"Q(""CAR_-3_-1"") ~ 0 + C(topic) + severity_score + pre_event_volatility + C(industry)",273,C(industry)[T.Materials],0.0021847157431241046,0.016385663305118047,0.1333309309755993,0.8939316665944644,Industry: Materials,industry_control,0.0022 (0.0164),
CAR_-3_-1__topic_severity_pre_volatility_industry,CAR_-3_-1,"CAR[-3,-1]",topic_severity_pre_volatility_industry,Topic + severity + pre-volatility + industry,True,True,no_intercept_all_topic_coefficients,"Q(""CAR_-3_-1"") ~ 0 + C(topic) + severity_score + pre_event_volatility + C(industry)",273,C(industry)[T.Real Estate],0.01465938573334802,0.008302151544007647,1.765733334984582,0.07744059743170977,Industry: Real Estate,industry_control,0.0147* (0.0083),
CAR_-3_-1__topic_severity_pre_volatility_industry,CAR_-3_-1,"CAR[-3,-1]",topic_severity_pre_volatility_industry,Topic + severity + pre-volatility + industry,True,True,no_intercept_all_topic_coefficients,"Q(""CAR_-3_-1"") ~ 0 + C(topic) + severity_score + pre_event_volatility + C(industry)",273,C(industry)[T.Utilities],0.023715163118202372,0.013994580751620283,1.6945961825584983,0.0901520517497799,Industry: Utilities,industry_control,0.0237* (0.0140),
CAR_-3_-1__topic_severity_pre_volatility_industry,CAR_-3_-1,"CAR[-3,-1]",topic_severity_pre_volatility_industry,Topic + severity + pre-volatility + industry,True,True,no_intercept_all_topic_coefficients,"Q(""CAR_-3_-1"") ~ 0 + C(topic) + severity_score + pre_event_volatility + C(industry)",273,severity_score,-0.0010640122269899785,0.0006582080272202569,-1.6165287917917275,0.10598003358908686,Severity score,main_variable,-0.0011 (0.0007),
CAR_-3_-1__topic_severity_pre_volatility_industry,CAR_-3_-1,"CAR[-3,-1]",topic_severity_pre_volatility_industry,Topic + severity + pre-volatility + industry,True,True,no_intercept_all_topic_coefficients,"Q(""CAR_-3_-1"") ~ 0 + C(topic) + severity_score + pre_event_volatility + C(industry)",273,pre_event_volatility,-0.07023249497172784,0.16567155505554157,-0.42392609249175167,0.6716197143811604,Pre-event volatility,control,-0.0702 (0.1657),
CAR_-1_3__topic_severity,CAR_-1_3,"CAR[-1,+3]",topic_severity,Topic + severity,False,False,no_intercept_all_topic_coefficients,"Q(""CAR_-1_3"") ~ 0 + C(topic) + severity_score",273,C(topic)[accounting_financial_reporting],0.0007432778825614335,0.0028137340216888547,0.26416067646482966,0.7916561107185819,Topic: accounting_financial_reporting,topic,0.0007 (0.0028),
CAR_-1_3__topic_severity,CAR_-1_3,"CAR[-1,+3]",topic_severity,Topic + severity,False,False,no_intercept_all_topic_coefficients,"Q(""CAR_-1_3"") ~ 0 + C(topic) + severity_score",273,C(topic)[business_structure],-0.00021506450264429863,0.006981884816001792,-0.03080321550871077,0.9754264760331948,Topic: business_structure,topic,-0.0002 (0.0070),
CAR_-1_3__topic_severity,CAR_-1_3,"CAR[-1,+3]",topic_severity,Topic + severity,False,False,no_intercept_all_topic_coefficients,"Q(""CAR_-1_3"") ~ 0 + C(topic) + severity_score",273,C(topic)[mda_liquidity],0.0024690823136487073,0.004690667665663999,0.526381847881178,0.5986229252126316,Topic: mda_liquidity,topic,0.0025 (0.0047),
CAR_-1_3__topic_severity,CAR_-1_3,"CAR[-1,+3]",topic_severity,Topic + severity,False,False,no_intercept_all_topic_coefficients,"Q(""CAR_-1_3"") ~ 0 + C(topic) + severity_score",273,C(topic)[revenue_non_gaap],0.010118252671090922,0.004766664641993263,2.122711252214253,0.03377805552697518,Topic: revenue_non_gaap,topic,0.0101** (0.0048),
CAR_-1_3__topic_severity,CAR_-1_3,"CAR[-1,+3]",topic_severity,Topic + severity,False,False,no_intercept_all_topic_coefficients,"Q(""CAR_-1_3"") ~ 0 + C(topic) + severity_score",273,C(topic)[risk_legal_regulatory],0.005724658761934846,0.018173143601206036,0.31500652212724145,0.75275670184444,Topic: risk_legal_regulatory,topic,0.0057 (0.0182),
CAR_-1_3__topic_severity,CAR_-1_3,"CAR[-1,+3]",topic_severity,Topic + severity,False,False,no_intercept_all_topic_coefficients,"Q(""CAR_-1_3"") ~ 0 + C(topic) + severity_score",273,C(topic)[routine_other],-0.0003823577976555712,0.006320980608535831,-0.06049026588362517,0.9517651683539118,Topic: routine_other,topic,-0.0004 (0.0063),
CAR_-1_3__topic_severity,CAR_-1_3,"CAR[-1,+3]",topic_severity,Topic + severity,False,False,no_intercept_all_topic_coefficients,"Q(""CAR_-1_3"") ~ 0 + C(topic) + severity_score",273,severity_score,7.4406437965357725e-06,0.0009016727019666616,0.008252045093864761,0.9934158953501119,Severity score,main_variable,0.0000 (0.0009),
CAR_-1_3__topic_severity_pre_volatility,CAR_-1_3,"CAR[-1,+3]",topic_severity_pre_volatility,Topic + severity + pre-volatility,True,False,no_intercept_all_topic_coefficients,"Q(""CAR_-1_3"") ~ 0 + C(topic) + severity_score + pre_event_volatility",273,C(topic)[accounting_financial_reporting],0.0022473400990611087,0.004064300685471394,0.5529463179470574,0.5803001697059283,Topic: accounting_financial_reporting,topic,0.0022 (0.0041),
CAR_-1_3__topic_severity_pre_volatility,CAR_-1_3,"CAR[-1,+3]",topic_severity_pre_volatility,Topic + severity + pre-volatility,True,False,no_intercept_all_topic_coefficients,"Q(""CAR_-1_3"") ~ 0 + C(topic) + severity_score + pre_event_volatility",273,C(topic)[business_structure],0.0010512744996648113,0.007656211130925842,0.13731001949755323,0.8907857510380732,Topic: business_structure,topic,0.0011 (0.0077),
CAR_-1_3__topic_severity_pre_volatility,CAR_-1_3,"CAR[-1,+3]",topic_severity_pre_volatility,Topic + severity + pre-volatility,True,False,no_intercept_all_topic_coefficients,"Q(""CAR_-1_3"") ~ 0 + C(topic) + severity_score + pre_event_volatility",273,C(topic)[mda_liquidity],0.004056594886816328,0.006125425900953731,0.6622551561981534,0.5078077110476549,Topic: mda_liquidity,topic,0.0041 (0.0061),
CAR_-1_3__topic_severity_pre_volatility,CAR_-1_3,"CAR[-1,+3]",topic_severity_pre_volatility,Topic + severity + pre-volatility,True,False,no_intercept_all_topic_coefficients,"Q(""CAR_-1_3"") ~ 0 + C(topic) + severity_score + pre_event_volatility",273,C(topic)[revenue_non_gaap],0.011769619370547822,0.005961428083208994,1.9742952873487187,0.04834817645828512,Topic: revenue_non_gaap,topic,0.0118** (0.0060),
CAR_-1_3__topic_severity_pre_volatility,CAR_-1_3,"CAR[-1,+3]",topic_severity_pre_volatility,Topic + severity + pre-volatility,True,False,no_intercept_all_topic_coefficients,"Q(""CAR_-1_3"") ~ 0 + C(topic) + severity_score + pre_event_volatility",273,C(topic)[risk_legal_regulatory],0.007680427945030513,0.01851188478463827,0.41489173222404496,0.6782211625362484,Topic: risk_legal_regulatory,topic,0.0077 (0.0185),
CAR_-1_3__topic_severity_pre_volatility,CAR_-1_3,"CAR[-1,+3]",topic_severity_pre_volatility,Topic + severity + pre-volatility,True,False,no_intercept_all_topic_coefficients,"Q(""CAR_-1_3"") ~ 0 + C(topic) + severity_score + pre_event_volatility",273,C(topic)[routine_other],0.001335332924102082,0.007159877409585397,0.18650220495596534,0.8520509498886457,Topic: routine_other,topic,0.0013 (0.0072),
CAR_-1_3__topic_severity_pre_volatility,CAR_-1_3,"CAR[-1,+3]",topic_severity_pre_volatility,Topic + severity + pre-volatility,True,False,no_intercept_all_topic_coefficients,"Q(""CAR_-1_3"") ~ 0 + C(topic) + severity_score + pre_event_volatility",273,severity_score,3.435214131013559e-05,0.0009117601477642001,0.037676730436588195,0.9699454292422226,Severity score,main_variable,0.0000 (0.0009),
CAR_-1_3__topic_severity_pre_volatility,CAR_-1_3,"CAR[-1,+3]",topic_severity_pre_volatility,Topic + severity + pre-volatility,True,False,no_intercept_all_topic_coefficients,"Q(""CAR_-1_3"") ~ 0 + C(topic) + severity_score + pre_event_volatility",273,pre_event_volatility,-0.08142316832647216,0.19976645322559564,-0.40759180038362713,0.6835733851609052,Pre-event volatility,control,-0.0814 (0.1998),
CAR_-1_3__topic_severity_industry,CAR_-1_3,"CAR[-1,+3]",topic_severity_industry,Topic + severity + industry,False,True,no_intercept_all_topic_coefficients,"Q(""CAR_-1_3"") ~ 0 + C(topic) + severity_score + C(industry)",273,C(topic)[accounting_financial_reporting],-0.007773982221440877,0.011561577155482162,-0.6723980748383176,0.5013303080707174,Topic: accounting_financial_reporting,topic,-0.0078 (0.0116),
CAR_-1_3__topic_severity_industry,CAR_-1_3,"CAR[-1,+3]",topic_severity_industry,Topic + severity + industry,False,True,no_intercept_all_topic_coefficients,"Q(""CAR_-1_3"") ~ 0 + C(topic) + severity_score + C(industry)",273,C(topic)[business_structure],-0.006117976351776164,0.012866220784510756,-0.4755068682749022,0.6344257389447757,Topic: business_structure,topic,-0.0061 (0.0129),
CAR_-1_3__topic_severity_industry,CAR_-1_3,"CAR[-1,+3]",topic_severity_industry,Topic + severity + industry,False,True,no_intercept_all_topic_coefficients,"Q(""CAR_-1_3"") ~ 0 + C(topic) + severity_score + C(industry)",273,C(topic)[mda_liquidity],-0.0061648794159148874,0.011848793306743183,-0.5202959707640809,0.6028573037798681,Topic: mda_liquidity,topic,-0.0062 (0.0118),
CAR_-1_3__topic_severity_industry,CAR_-1_3,"CAR[-1,+3]",topic_severity_industry,Topic + severity + industry,False,True,no_intercept_all_topic_coefficients,"Q(""CAR_-1_3"") ~ 0 + C(topic) + severity_score + C(industry)",273,C(topic)[revenue_non_gaap],0.002498259829233283,0.011792392353217608,0.21185351999856256,0.8322213131229094,Topic: revenue_non_gaap,topic,0.0025 (0.0118),
CAR_-1_3__topic_severity_industry,CAR_-1_3,"CAR[-1,+3]",topic_severity_industry,Topic + severity + industry,False,True,no_intercept_all_topic_coefficients,"Q(""CAR_-1_3"") ~ 0 + C(topic) + severity_score + C(industry)",273,C(topic)[risk_legal_regulatory],0.001002095986506829,0.019491420195120533,0.051412158604927774,0.9589970964212632,Topic: risk_legal_regulatory,topic,0.0010 (0.0195),
CAR_-1_3__topic_severity_industry,CAR_-1_3,"CAR[-1,+3]",topic_severity_industry,Topic + severity + industry,False,True,no_intercept_all_topic_coefficients,"Q(""CAR_-1_3"") ~ 0 + C(topic) + severity_score + C(industry)",273,C(topic)[routine_other],-0.008521003497539056,0.012035166973226817,-0.7080087477385818,0.4789398251463357,Topic: routine_other,topic,-0.0085 (0.0120),
CAR_-1_3__topic_severity_industry,CAR_-1_3,"CAR[-1,+3]",topic_severity_industry,Topic + severity + industry,False,True,no_intercept_all_topic_coefficients,"Q(""CAR_-1_3"") ~ 0 + C(topic) + severity_score + C(industry)",273,C(industry)[T.Consumer Discretionary],0.007140161271030251,0.012463423630368104,0.572889238365668,0.5667196915946031,Industry: Consumer Discretionary,industry_control,0.0071 (0.0125),
CAR_-1_3__topic_severity_industry,CAR_-1_3,"CAR[-1,+3]",topic_severity_industry,Topic + severity + industry,False,True,no_intercept_all_topic_coefficients,"Q(""CAR_-1_3"") ~ 0 + C(topic) + severity_score + C(industry)",273,C(industry)[T.Consumer Staples],0.002263651005823356,0.011687269853667498,0.19368518346592434,0.8464223940343072,Industry: Consumer Staples,industry_control,0.0023 (0.0117),
CAR_-1_3__topic_severity_industry,CAR_-1_3,"CAR[-1,+3]",topic_severity_industry,Topic + severity + industry,False,True,no_intercept_all_topic_coefficients,"Q(""CAR_-1_3"") ~ 0 + C(topic) + severity_score + C(industry)",273,C(industry)[T.Energy],-0.001318985429431662,0.013353813841720203,-0.09877218935843379,0.9213191501687837,Industry: Energy,industry_control,-0.0013 (0.0134),
CAR_-1_3__topic_severity_industry,CAR_-1_3,"CAR[-1,+3]",topic_severity_industry,Topic + severity + industry,False,True,no_intercept_all_topic_coefficients,"Q(""CAR_-1_3"") ~ 0 + C(topic) + severity_score + C(industry)",273,C(industry)[T.Financials],0.010204384973510111,0.01179387735395719,0.8652273266252207,0.38691402956162335,Industry: Financials,industry_control,0.0102 (0.0118),
CAR_-1_3__topic_severity_industry,CAR_-1_3,"CAR[-1,+3]",topic_severity_industry,Topic + severity + industry,False,True,no_intercept_all_topic_coefficients,"Q(""CAR_-1_3"") ~ 0 + C(topic) + severity_score + C(industry)",273,C(industry)[T.Health Care],0.018957240276157847,0.012792579799894836,1.4818934548537026,0.1383686468740871,Industry: Health Care,industry_control,0.0190 (0.0128),
CAR_-1_3__topic_severity_industry,CAR_-1_3,"CAR[-1,+3]",topic_severity_industry,Topic + severity + industry,False,True,no_intercept_all_topic_coefficients,"Q(""CAR_-1_3"") ~ 0 + C(topic) + severity_score + C(industry)",273,C(industry)[T.Industrials],0.011966343949133023,0.014661821613610376,0.8161567003396647,0.41441051808619234,Industry: Industrials,industry_control,0.0120 (0.0147),
CAR_-1_3__topic_severity_industry,CAR_-1_3,"CAR[-1,+3]",topic_severity_industry,Topic + severity + industry,False,True,no_intercept_all_topic_coefficients,"Q(""CAR_-1_3"") ~ 0 + C(topic) + severity_score + C(industry)",273,C(industry)[T.Information Technology],-0.000520599123972898,0.013202948623431318,-0.03943051956204608,0.9685471477316712,Industry: Information Technology,industry_control,-0.0005 (0.0132),
CAR_-1_3__topic_severity_industry,CAR_-1_3,"CAR[-1,+3]",topic_severity_industry,Topic + severity + industry,False,True,no_intercept_all_topic_coefficients,"Q(""CAR_-1_3"") ~ 0 + C(topic) + severity_score + C(industry)",273,C(industry)[T.Materials],0.004031808237262713,0.014177927840915993,0.2843721792423956,0.7761251770321875,Industry: Materials,industry_control,0.0040 (0.0142),
CAR_-1_3__topic_severity_industry,CAR_-1_3,"CAR[-1,+3]",topic_severity_industry,Topic + severity + industry,False,True,no_intercept_all_topic_coefficients,"Q(""CAR_-1_3"") ~ 0 + C(topic) + severity_score + C(industry)",273,C(industry)[T.Real Estate],0.014190594719277513,0.012661894488106234,1.1207323463804917,0.2624018092301953,Industry: Real Estate,industry_control,0.0142 (0.0127),
CAR_-1_3__topic_severity_industry,CAR_-1_3,"CAR[-1,+3]",topic_severity_industry,Topic + severity + industry,False,True,no_intercept_all_topic_coefficients,"Q(""CAR_-1_3"") ~ 0 + C(topic) + severity_score + C(industry)",273,C(industry)[T.Utilities],0.015269271828561293,0.013991848724864793,1.0912976640053578,0.2751419253167787,Industry: Utilities,industry_control,0.0153 (0.0140),
CAR_-1_3__topic_severity_industry,CAR_-1_3,"CAR[-1,+3]",topic_severity_industry,Topic + severity + industry,False,True,no_intercept_all_topic_coefficients,"Q(""CAR_-1_3"") ~ 0 + C(topic) + severity_score + C(industry)",273,severity_score,6.013712225227102e-05,0.0009439260018920343,0.06370957271198201,0.9492014823123113,Severity score,main_variable,0.0001 (0.0009),
CAR_-1_3__topic_severity_pre_volatility_industry,CAR_-1_3,"CAR[-1,+3]",topic_severity_pre_volatility_industry,Topic + severity + pre-volatility + industry,True,True,no_intercept_all_topic_coefficients,"Q(""CAR_-1_3"") ~ 0 + C(topic) + severity_score + pre_event_volatility + C(industry)",273,C(topic)[accounting_financial_reporting],-0.00782824777783417,0.01306294132152034,-0.5992714492973834,0.5489918836323744,Topic: accounting_financial_reporting,topic,-0.0078 (0.0131),
CAR_-1_3__topic_severity_pre_volatility_industry,CAR_-1_3,"CAR[-1,+3]",topic_severity_pre_volatility_industry,Topic + severity + pre-volatility + industry,True,True,no_intercept_all_topic_coefficients,"Q(""CAR_-1_3"") ~ 0 + C(topic) + severity_score + pre_event_volatility + C(industry)",273,C(topic)[business_structure],-0.006161847434260481,0.013931073356802024,-0.442309596428324,0.6582651876110195,Topic: business_structure,topic,-0.0062 (0.0139),
CAR_-1_3__topic_severity_pre_volatility_industry,CAR_-1_3,"CAR[-1,+3]",topic_severity_pre_volatility_industry,Topic + severity + pre-volatility + industry,True,True,no_intercept_all_topic_coefficients,"Q(""CAR_-1_3"") ~ 0 + C(topic) + severity_score + pre_event_volatility + C(industry)",273,C(topic)[mda_liquidity],-0.006222101607542206,0.013734062027461965,-0.4530416125324607,0.6505187775365523,Topic: mda_liquidity,topic,-0.0062 (0.0137),
CAR_-1_3__topic_severity_pre_volatility_industry,CAR_-1_3,"CAR[-1,+3]",topic_severity_pre_volatility_industry,Topic + severity + pre-volatility + industry,True,True,no_intercept_all_topic_coefficients,"Q(""CAR_-1_3"") ~ 0 + C(topic) + severity_score + pre_event_volatility + C(industry)",273,C(topic)[revenue_non_gaap],0.0024419357402796016,0.013565459242350095,0.18001128429593496,0.857143709324357,Topic: revenue_non_gaap,topic,0.0024 (0.0136),
CAR_-1_3__topic_severity_pre_volatility_industry,CAR_-1_3,"CAR[-1,+3]",topic_severity_pre_volatility_industry,Topic + severity + pre-volatility + industry,True,True,no_intercept_all_topic_coefficients,"Q(""CAR_-1_3"") ~ 0 + C(topic) + severity_score + pre_event_volatility + C(industry)",273,C(topic)[risk_legal_regulatory],0.000939367582543902,0.020473334929476106,0.04588248987181198,0.9634039105358354,Topic: risk_legal_regulatory,topic,0.0009 (0.0205),
CAR_-1_3__topic_severity_pre_volatility_industry,CAR_-1_3,"CAR[-1,+3]",topic_severity_pre_volatility_industry,Topic + severity + pre-volatility + industry,True,True,no_intercept_all_topic_coefficients,"Q(""CAR_-1_3"") ~ 0 + C(topic) + severity_score + pre_event_volatility + C(industry)",273,C(topic)[routine_other],-0.008580111329139536,0.013222284674455324,-0.6489129178799037,0.5163946645734208,Topic: routine_other,topic,-0.0086 (0.0132),
CAR_-1_3__topic_severity_pre_volatility_industry,CAR_-1_3,"CAR[-1,+3]",topic_severity_pre_volatility_industry,Topic + severity + pre-volatility + industry,True,True,no_intercept_all_topic_coefficients,"Q(""CAR_-1_3"") ~ 0 + C(topic) + severity_score + pre_event_volatility + C(industry)",273,C(industry)[T.Consumer Discretionary],0.0071452923302008356,0.012581376200874692,0.5679261327313363,0.5700851264100686,Industry: Consumer Discretionary,industry_control,0.0071 (0.0126),
CAR_-1_3__topic_severity_pre_volatility_industry,CAR_-1_3,"CAR[-1,+3]",topic_severity_pre_volatility_industry,Topic + severity + pre-volatility + industry,True,True,no_intercept_all_topic_coefficients,"Q(""CAR_-1_3"") ~ 0 + C(topic) + severity_score + pre_event_volatility + C(industry)",273,C(industry)[T.Consumer Staples],0.002280790926230288,0.011954145397547728,0.1907949795138153,0.8486862222001869,Industry: Consumer Staples,industry_control,0.0023 (0.0120),
CAR_-1_3__topic_severity_pre_volatility_industry,CAR_-1_3,"CAR[-1,+3]",topic_severity_pre_volatility_industry,Topic + severity + pre-volatility + industry,True,True,no_intercept_all_topic_coefficients,"Q(""CAR_-1_3"") ~ 0 + C(topic) + severity_score + pre_event_volatility + C(industry)",273,C(industry)[T.Energy],-0.0013244007193274213,0.013394191404096851,-0.09887873626491031,0.921234552159499,Industry: Energy,industry_control,-0.0013 (0.0134),
CAR_-1_3__topic_severity_pre_volatility_industry,CAR_-1_3,"CAR[-1,+3]",topic_severity_pre_volatility_industry,Topic + severity + pre-volatility + industry,True,True,no_intercept_all_topic_coefficients,"Q(""CAR_-1_3"") ~ 0 + C(topic) + severity_score + pre_event_volatility + C(industry)",273,C(industry)[T.Financials],0.01021991582913631,0.012028346669746752,0.8496525839948611,0.3955182675609217,Industry: Financials,industry_control,0.0102 (0.0120),
CAR_-1_3__topic_severity_pre_volatility_industry,CAR_-1_3,"CAR[-1,+3]",topic_severity_pre_volatility_industry,Topic + severity + pre-volatility + industry,True,True,no_intercept_all_topic_coefficients,"Q(""CAR_-1_3"") ~ 0 + C(topic) + severity_score + pre_event_volatility + C(industry)",273,C(industry)[T.Health Care],0.01896673500322956,0.012924054116429787,1.4675530473923022,0.14222566982276635,Industry: Health Care,industry_control,0.0190 (0.0129),
CAR_-1_3__topic_severity_pre_volatility_industry,CAR_-1_3,"CAR[-1,+3]",topic_severity_pre_volatility_industry,Topic + severity + pre-volatility + industry,True,True,no_intercept_all_topic_coefficients,"Q(""CAR_-1_3"") ~ 0 + C(topic) + severity_score + pre_event_volatility + C(industry)",273,C(industry)[T.Industrials],0.011985941557940485,0.015185067944358435,0.7893241967609048,0.42992254787127016,Industry: Industrials,industry_control,0.0120 (0.0152),
CAR_-1_3__topic_severity_pre_volatility_industry,CAR_-1_3,"CAR[-1,+3]",topic_severity_pre_volatility_industry,Topic + severity + pre-volatility + industry,True,True,no_intercept_all_topic_coefficients,"Q(""CAR_-1_3"") ~ 0 + C(topic) + severity_score + pre_event_volatility + C(industry)",273,C(industry)[T.Information Technology],-0.0005177683887945721,0.01326881543962942,-0.039021447781101455,0.9688732887781383,Industry: Information Technology,industry_control,-0.0005 (0.0133),
CAR_-1_3__topic_severity_pre_volatility_industry,CAR_-1_3,"CAR[-1,+3]",topic_severity_pre_volatility_industry,Topic + severity + pre-volatility + industry,True,True,no_intercept_all_topic_coefficients,"Q(""CAR_-1_3"") ~ 0 + C(topic) + severity_score + pre_event_volatility + C(industry)",273,C(industry)[T.Materials],0.00403818047436295,0.014285246054580043,0.28268189843802194,0.7774206934819694,Industry: Materials,industry_control,0.0040 (0.0143),
CAR_-1_3__topic_severity_pre_volatility_industry,CAR_-1_3,"CAR[-1,+3]",topic_severity_pre_volatility_industry,Topic + severity + pre-volatility + industry,True,True,no_intercept_all_topic_coefficients,"Q(""CAR_-1_3"") ~ 0 + C(topic) + severity_score + pre_event_volatility + C(industry)",273,C(industry)[T.Real Estate],0.014204427365155595,0.0129056138437557,1.1006394222796552,0.2710536207957899,Industry: Real Estate,industry_control,0.0142 (0.0129),
CAR_-1_3__topic_severity_pre_volatility_industry,CAR_-1_3,"CAR[-1,+3]",topic_severity_pre_volatility_industry,Topic + severity + pre-volatility + industry,True,True,no_intercept_all_topic_coefficients,"Q(""CAR_-1_3"") ~ 0 + C(topic) + severity_score + pre_event_volatility + C(industry)",273,C(industry)[T.Utilities],0.015272827601932838,0.014034533499255018,1.0882319389343116,0.27649272822939785,Industry: Utilities,industry_control,0.0153 (0.0140),
CAR_-1_3__topic_severity_pre_volatility_industry,CAR_-1_3,"CAR[-1,+3]",topic_severity_pre_volatility_industry,Topic + severity + pre-volatility + industry,True,True,no_intercept_all_topic_coefficients,"Q(""CAR_-1_3"") ~ 0 + C(topic) + severity_score + pre_event_volatility + C(industry)",273,severity_score,5.974772925931095e-05,0.0009451088916781482,0.06321782578219327,0.949593050249382,Severity score,main_variable,0.0001 (0.0009),
CAR_-1_3__topic_severity_pre_volatility_industry,CAR_-1_3,"CAR[-1,+3]",topic_severity_pre_volatility_industry,Topic + severity + pre-volatility + industry,True,True,no_intercept_all_topic_coefficients,"Q(""CAR_-1_3"") ~ 0 + C(topic) + severity_score + pre_event_volatility + C(industry)",273,pre_event_volatility,0.002351988022958121,0.22706671134927328,0.010358136641792026,0.9917355504785936,Pre-event volatility,control,0.0024 (0.2271),
CAR_1_60__topic_severity,CAR_1_60,"CAR[+1,+60]",topic_severity,Topic + severity,False,False,no_intercept_all_topic_coefficients,"Q(""CAR_1_60"") ~ 0 + C(topic) + severity_score",273,C(topic)[accounting_financial_reporting],0.01081616443563318,0.010748089937162286,1.0063336368479316,0.31425510504912924,Topic: accounting_financial_reporting,topic,0.0108 (0.0107),
CAR_1_60__topic_severity,CAR_1_60,"CAR[+1,+60]",topic_severity,Topic + severity,False,False,no_intercept_all_topic_coefficients,"Q(""CAR_1_60"") ~ 0 + C(topic) + severity_score",273,C(topic)[business_structure],-0.05204821841342596,0.027727463013382907,-1.877135978445068,0.060499459396271126,Topic: business_structure,topic,-0.0520* (0.0277),
CAR_1_60__topic_severity,CAR_1_60,"CAR[+1,+60]",topic_severity,Topic + severity,False,False,no_intercept_all_topic_coefficients,"Q(""CAR_1_60"") ~ 0 + C(topic) + severity_score",273,C(topic)[mda_liquidity],-0.00338317547595713,0.026480497819080996,-0.12776102243513424,0.8983380968001538,Topic: mda_liquidity,topic,-0.0034 (0.0265),
CAR_1_60__topic_severity,CAR_1_60,"CAR[+1,+60]",topic_severity,Topic + severity,False,False,no_intercept_all_topic_coefficients,"Q(""CAR_1_60"") ~ 0 + C(topic) + severity_score",273,C(topic)[revenue_non_gaap],0.012473478139619333,0.019239254701861396,0.6483347891024347,0.5167684376364395,Topic: revenue_non_gaap,topic,0.0125 (0.0192),
CAR_1_60__topic_severity,CAR_1_60,"CAR[+1,+60]",topic_severity,Topic + severity,False,False,no_intercept_all_topic_coefficients,"Q(""CAR_1_60"") ~ 0 + C(topic) + severity_score",273,C(topic)[risk_legal_regulatory],-0.05562076579839903,0.03729112750887652,-1.4915281332043246,0.13582289063238484,Topic: risk_legal_regulatory,topic,-0.0556 (0.0373),
CAR_1_60__topic_severity,CAR_1_60,"CAR[+1,+60]",topic_severity,Topic + severity,False,False,no_intercept_all_topic_coefficients,"Q(""CAR_1_60"") ~ 0 + C(topic) + severity_score",273,C(topic)[routine_other],0.013149093455924382,0.016050385578174946,0.8192384782210034,0.4126503654909788,Topic: routine_other,topic,0.0131 (0.0161),
CAR_1_60__topic_severity,CAR_1_60,"CAR[+1,+60]",topic_severity,Topic + severity,False,False,no_intercept_all_topic_coefficients,"Q(""CAR_1_60"") ~ 0 + C(topic) + severity_score",273,severity_score,-0.001075532827717423,0.0027693063594483704,-0.3883762531537546,0.6977376149772312,Severity score,main_variable,-0.0011 (0.0028),
CAR_1_60__topic_severity_pre_volatility,CAR_1_60,"CAR[+1,+60]",topic_severity_pre_volatility,Topic + severity + pre-volatility,True,False,no_intercept_all_topic_coefficients,"Q(""CAR_1_60"") ~ 0 + C(topic) + severity_score + pre_event_volatility",273,C(topic)[accounting_financial_reporting],0.058474548756150255,0.027772258905364517,2.1055020751248743,0.03524762687631958,Topic: accounting_financial_reporting,topic,0.0585** (0.0278),
CAR_1_60__topic_severity_pre_volatility,CAR_1_60,"CAR[+1,+60]",topic_severity_pre_volatility,Topic + severity + pre-volatility,True,False,no_intercept_all_topic_coefficients,"Q(""CAR_1_60"") ~ 0 + C(topic) + severity_score + pre_event_volatility",273,C(topic)[business_structure],-0.011922437584650978,0.03638321058420367,-0.3276906406337677,0.743145580702733,Topic: business_structure,topic,-0.0119 (0.0364),
CAR_1_60__topic_severity_pre_volatility,CAR_1_60,"CAR[+1,+60]",topic_severity_pre_volatility,Topic + severity + pre-volatility,True,False,no_intercept_all_topic_coefficients,"Q(""CAR_1_60"") ~ 0 + C(topic) + severity_score + pre_event_volatility",273,C(topic)[mda_liquidity],0.04691945396031116,0.02763093003496565,1.6980772598293572,0.0894931808942209,Topic: mda_liquidity,topic,0.0469* (0.0276),
CAR_1_60__topic_severity_pre_volatility,CAR_1_60,"CAR[+1,+60]",topic_severity_pre_volatility,Topic + severity + pre-volatility,True,False,no_intercept_all_topic_coefficients,"Q(""CAR_1_60"") ~ 0 + C(topic) + severity_score + pre_event_volatility",273,C(topic)[revenue_non_gaap],0.06479941782047831,0.035579316839136406,1.8212664991139034,0.06856635628153514,Topic: revenue_non_gaap,topic,0.0648* (0.0356),
CAR_1_60__topic_severity_pre_volatility,CAR_1_60,"CAR[+1,+60]",topic_severity_pre_volatility,Topic + severity + pre-volatility,True,False,no_intercept_all_topic_coefficients,"Q(""CAR_1_60"") ~ 0 + C(topic) + severity_score + pre_event_volatility",273,C(topic)[risk_legal_regulatory],0.006350606361402309,0.050080687752186145,0.1268074909998633,0.8990927666448941,Topic: risk_legal_regulatory,topic,0.0064 (0.0501),
CAR_1_60__topic_severity_pre_volatility,CAR_1_60,"CAR[+1,+60]",topic_severity_pre_volatility,Topic + severity + pre-volatility,True,False,no_intercept_all_topic_coefficients,"Q(""CAR_1_60"") ~ 0 + C(topic) + severity_score + pre_event_volatility",273,C(topic)[routine_other],0.06757660560487429,0.03435807403008617,1.9668333430360445,0.04920242720665965,Topic: routine_other,topic,0.0676** (0.0344),
CAR_1_60__topic_severity_pre_volatility,CAR_1_60,"CAR[+1,+60]",topic_severity_pre_volatility,Topic + severity + pre-volatility,True,False,no_intercept_all_topic_coefficients,"Q(""CAR_1_60"") ~ 0 + C(topic) + severity_score + pre_event_volatility",273,severity_score,-0.00022280314866950524,0.0028959322561190157,-0.07693658862313821,0.9386739902841451,Severity score,main_variable,-0.0002 (0.0029),
CAR_1_60__topic_severity_pre_volatility,CAR_1_60,"CAR[+1,+60]",topic_severity_pre_volatility,Topic + severity + pre-volatility,True,False,no_intercept_all_topic_coefficients,"Q(""CAR_1_60"") ~ 0 + C(topic) + severity_score + pre_event_volatility",273,pre_event_volatility,-2.5800107243755157,1.5205908196169053,-1.6967159679587691,0.0897503723040162,Pre-event volatility,control,-2.5800* (1.5206),
CAR_1_60__topic_severity_industry,CAR_1_60,"CAR[+1,+60]",topic_severity_industry,Topic + severity + industry,False,True,no_intercept_all_topic_coefficients,"Q(""CAR_1_60"") ~ 0 + C(topic) + severity_score + C(industry)",273,C(topic)[accounting_financial_reporting],0.01610956447163679,0.03182556028186679,0.5061832165391764,0.6127280360072938,Topic: accounting_financial_reporting,topic,0.0161 (0.0318),
CAR_1_60__topic_severity_industry,CAR_1_60,"CAR[+1,+60]",topic_severity_industry,Topic + severity + industry,False,True,no_intercept_all_topic_coefficients,"Q(""CAR_1_60"") ~ 0 + C(topic) + severity_score + C(industry)",273,C(topic)[business_structure],-0.030952579636722793,0.040876286505416186,-0.7572258216905666,0.4489145827723986,Topic: business_structure,topic,-0.0310 (0.0409),
CAR_1_60__topic_severity_industry,CAR_1_60,"CAR[+1,+60]",topic_severity_industry,Topic + severity + industry,False,True,no_intercept_all_topic_coefficients,"Q(""CAR_1_60"") ~ 0 + C(topic) + severity_score + C(industry)",273,C(topic)[mda_liquidity],0.004101827937530125,0.039814961693312376,0.10302227512174399,0.9179452920261124,Topic: mda_liquidity,topic,0.0041 (0.0398),
CAR_1_60__topic_severity_industry,CAR_1_60,"CAR[+1,+60]",topic_severity_industry,Topic + severity + industry,False,True,no_intercept_all_topic_coefficients,"Q(""CAR_1_60"") ~ 0 + C(topic) + severity_score + C(industry)",273,C(topic)[revenue_non_gaap],0.025944277610086837,0.03470130295575764,0.7476456328791009,0.4546739322311325,Topic: revenue_non_gaap,topic,0.0259 (0.0347),
CAR_1_60__topic_severity_industry,CAR_1_60,"CAR[+1,+60]",topic_severity_industry,Topic + severity + industry,False,True,no_intercept_all_topic_coefficients,"Q(""CAR_1_60"") ~ 0 + C(topic) + severity_score + C(industry)",273,C(topic)[risk_legal_regulatory],-0.04238755044367895,0.0492999705446236,-0.8597885551536403,0.3899056092166687,Topic: risk_legal_regulatory,topic,-0.0424 (0.0493),
CAR_1_60__topic_severity_industry,CAR_1_60,"CAR[+1,+60]",topic_severity_industry,Topic + severity + industry,False,True,no_intercept_all_topic_coefficients,"Q(""CAR_1_60"") ~ 0 + C(topic) + severity_score + C(industry)",273,C(topic)[routine_other],0.02639290459767163,0.03276507116408197,0.8055195261289194,0.4205199431820419,Topic: routine_other,topic,0.0264 (0.0328),
CAR_1_60__topic_severity_industry,CAR_1_60,"CAR[+1,+60]",topic_severity_industry,Topic + severity + industry,False,True,no_intercept_all_topic_coefficients,"Q(""CAR_1_60"") ~ 0 + C(topic) + severity_score + C(industry)",273,C(industry)[T.Consumer Discretionary],-0.017528018049723093,0.03268458234722304,-0.5362778653101656,0.5917665260062392,Industry: Consumer Discretionary,industry_control,-0.0175 (0.0327),
CAR_1_60__topic_severity_industry,CAR_1_60,"CAR[+1,+60]",topic_severity_industry,Topic + severity + industry,False,True,no_intercept_all_topic_coefficients,"Q(""CAR_1_60"") ~ 0 + C(topic) + severity_score + C(industry)",273,C(industry)[T.Consumer Staples],0.025436997671803546,0.03699005724863222,0.687671216641443,0.49165984968706866,Industry: Consumer Staples,industry_control,0.0254 (0.0370),
CAR_1_60__topic_severity_industry,CAR_1_60,"CAR[+1,+60]",topic_severity_industry,Topic + severity + industry,False,True,no_intercept_all_topic_coefficients,"Q(""CAR_1_60"") ~ 0 + C(topic) + severity_score + C(industry)",273,C(industry)[T.Energy],-0.07753748552843684,0.061077294777570755,-1.2694977046840443,0.20426360867083027,Industry: Energy,industry_control,-0.0775 (0.0611),
CAR_1_60__topic_severity_industry,CAR_1_60,"CAR[+1,+60]",topic_severity_industry,Topic + severity + industry,False,True,no_intercept_all_topic_coefficients,"Q(""CAR_1_60"") ~ 0 + C(topic) + severity_score + C(industry)",273,C(industry)[T.Financials],0.0065391292351386875,0.033738227282577915,0.19381958572895822,0.8463171506178259,Industry: Financials,industry_control,0.0065 (0.0337),
CAR_1_60__topic_severity_industry,CAR_1_60,"CAR[+1,+60]",topic_severity_industry,Topic + severity + industry,False,True,no_intercept_all_topic_coefficients,"Q(""CAR_1_60"") ~ 0 + C(topic) + severity_score + C(industry)",273,C(industry)[T.Health Care],0.011798421129261088,0.04789328286396514,0.24634813952455553,0.805412747930611,Industry: Health Care,industry_control,0.0118 (0.0479),
CAR_1_60__topic_severity_industry,CAR_1_60,"CAR[+1,+60]",topic_severity_industry,Topic + severity + industry,False,True,no_intercept_all_topic_coefficients,"Q(""CAR_1_60"") ~ 0 + C(topic) + severity_score + C(industry)",273,C(industry)[T.Industrials],0.01118586239497791,0.03862311253115899,0.2896157679149699,0.7721102027146587,Industry: Industrials,industry_control,0.0112 (0.0386),
CAR_1_60__topic_severity_industry,CAR_1_60,"CAR[+1,+60]",topic_severity_industry,Topic + severity + industry,False,True,no_intercept_all_topic_coefficients,"Q(""CAR_1_60"") ~ 0 + C(topic) + severity_score + C(industry)",273,C(industry)[T.Information Technology],-0.019338912671014574,0.040395845464028586,-0.4787351879597459,0.6321270294995448,Industry: Information Technology,industry_control,-0.0193 (0.0404),
CAR_1_60__topic_severity_industry,CAR_1_60,"CAR[+1,+60]",topic_severity_industry,Topic + severity + industry,False,True,no_intercept_all_topic_coefficients,"Q(""CAR_1_60"") ~ 0 + C(topic) + severity_score + C(industry)",273,C(industry)[T.Materials],-0.08942435367198337,0.050702465283125824,-1.763708197868329,0.07778112020521413,Industry: Materials,industry_control,-0.0894* (0.0507),
CAR_1_60__topic_severity_industry,CAR_1_60,"CAR[+1,+60]",topic_severity_industry,Topic + severity + industry,False,True,no_intercept_all_topic_coefficients,"Q(""CAR_1_60"") ~ 0 + C(topic) + severity_score + C(industry)",273,C(industry)[T.Real Estate],-0.01373419865795829,0.037416907841413875,-0.3670586226998953,0.7135752905836168,Industry: Real Estate,industry_control,-0.0137 (0.0374),
CAR_1_60__topic_severity_industry,CAR_1_60,"CAR[+1,+60]",topic_severity_industry,Topic + severity + industry,False,True,no_intercept_all_topic_coefficients,"Q(""CAR_1_60"") ~ 0 + C(topic) + severity_score + C(industry)",273,C(industry)[T.Utilities],-0.03511848008372646,0.04999114162580618,-0.7024940607797155,0.48237110431862174,Industry: Utilities,industry_control,-0.0351 (0.0500),
CAR_1_60__topic_severity_industry,CAR_1_60,"CAR[+1,+60]",topic_severity_industry,Topic + severity + industry,False,True,no_intercept_all_topic_coefficients,"Q(""CAR_1_60"") ~ 0 + C(topic) + severity_score + C(industry)",273,severity_score,0.00011248264470969417,0.0030701993503667356,0.036636918933703154,0.9707745062274863,Severity score,main_variable,0.0001 (0.0031),
CAR_1_60__topic_severity_pre_volatility_industry,CAR_1_60,"CAR[+1,+60]",topic_severity_pre_volatility_industry,Topic + severity + pre-volatility + industry,True,True,no_intercept_all_topic_coefficients,"Q(""CAR_1_60"") ~ 0 + C(topic) + severity_score + pre_event_volatility + C(industry)",273,C(topic)[accounting_financial_reporting],0.065172314993683,0.045021663496872304,1.4475767870774163,0.14773544700840985,Topic: accounting_financial_reporting,topic,0.0652 (0.0450),
CAR_1_60__topic_severity_pre_volatility_industry,CAR_1_60,"CAR[+1,+60]",topic_severity_pre_volatility_industry,Topic + severity + pre-volatility + industry,True,True,no_intercept_all_topic_coefficients,"Q(""CAR_1_60"") ~ 0 + C(topic) + severity_score + pre_event_volatility + C(industry)",273,C(topic)[business_structure],0.008712285484311213,0.0501972838011078,0.17356089462591484,0.8622105670633564,Topic: business_structure,topic,0.0087 (0.0502),
CAR_1_60__topic_severity_pre_volatility_industry,CAR_1_60,"CAR[+1,+60]",topic_severity_pre_volatility_industry,Topic + severity + pre-volatility + industry,True,True,no_intercept_all_topic_coefficients,"Q(""CAR_1_60"") ~ 0 + C(topic) + severity_score + pre_event_volatility + C(industry)",273,C(topic)[mda_liquidity],0.05583774107895101,0.04428201529377634,1.260957540177689,0.2073241453180913,Topic: mda_liquidity,topic,0.0558 (0.0443),
CAR_1_60__topic_severity_pre_volatility_industry,CAR_1_60,"CAR[+1,+60]",topic_severity_pre_volatility_industry,Topic + severity + pre-volatility + industry,True,True,no_intercept_all_topic_coefficients,"Q(""CAR_1_60"") ~ 0 + C(topic) + severity_score + pre_event_volatility + C(industry)",273,C(topic)[revenue_non_gaap],0.07686819525479024,0.048291701080656266,1.5917475163363128,0.1114414470905872,Topic: revenue_non_gaap,topic,0.0769 (0.0483),
CAR_1_60__topic_severity_pre_volatility_industry,CAR_1_60,"CAR[+1,+60]",topic_severity_pre_volatility_industry,Topic + severity + pre-volatility + industry,True,True,no_intercept_all_topic_coefficients,"Q(""CAR_1_60"") ~ 0 + C(topic) + severity_score + pre_event_volatility + C(industry)",273,C(topic)[risk_legal_regulatory],0.014326657220077942,0.06106810326397445,0.23460131319535485,0.8145181902133412,Topic: risk_legal_regulatory,topic,0.0143 (0.0611),
CAR_1_60__topic_severity_pre_volatility_industry,CAR_1_60,"CAR[+1,+60]",topic_severity_pre_volatility_industry,Topic + severity + pre-volatility + industry,True,True,no_intercept_all_topic_coefficients,"Q(""CAR_1_60"") ~ 0 + C(topic) + severity_score + pre_event_volatility + C(industry)",273,C(topic)[routine_other],0.07983366865610109,0.04928747868320889,1.6197555807069226,0.10528479153802484,Topic: routine_other,topic,0.0798 (0.0493),
CAR_1_60__topic_severity_pre_volatility_industry,CAR_1_60,"CAR[+1,+60]",topic_severity_pre_volatility_industry,Topic + severity + pre-volatility + industry,True,True,no_intercept_all_topic_coefficients,"Q(""CAR_1_60"") ~ 0 + C(topic) + severity_score + pre_event_volatility + C(industry)",273,C(industry)[T.Consumer Discretionary],-0.022167127878026067,0.03213512718950594,-0.6898098690353083,0.4903137615797811,Industry: Consumer Discretionary,industry_control,-0.0222 (0.0321),
CAR_1_60__topic_severity_pre_volatility_industry,CAR_1_60,"CAR[+1,+60]",topic_severity_pre_volatility_industry,Topic + severity + pre-volatility + industry,True,True,no_intercept_all_topic_coefficients,"Q(""CAR_1_60"") ~ 0 + C(topic) + severity_score + pre_event_volatility + C(industry)",273,C(industry)[T.Consumer Staples],0.009940397345832148,0.03669767690548746,0.270872659635459,0.7864889736195225,Industry: Consumer Staples,industry_control,0.0099 (0.0367),
CAR_1_60__topic_severity_pre_volatility_industry,CAR_1_60,"CAR[+1,+60]",topic_severity_pre_volatility_industry,Topic + severity + pre-volatility + industry,True,True,no_intercept_all_topic_coefficients,"Q(""CAR_1_60"") ~ 0 + C(topic) + severity_score + pre_event_volatility + C(industry)",273,C(industry)[T.Energy],-0.072641396096793,0.055521488445012354,-1.3083474188329074,0.19075549842218142,Industry: Energy,industry_control,-0.0726 (0.0555),
CAR_1_60__topic_severity_pre_volatility_industry,CAR_1_60,"CAR[+1,+60]",topic_severity_pre_volatility_industry,Topic + severity + pre-volatility + industry,True,True,no_intercept_all_topic_coefficients,"Q(""CAR_1_60"") ~ 0 + C(topic) + severity_score + pre_event_volatility + C(industry)",273,C(industry)[T.Financials],-0.007502678232202176,0.0351508178291472,-0.2134424942449255,0.830981838449447,Industry: Financials,industry_control,-0.0075 (0.0352),
CAR_1_60__topic_severity_pre_volatility_industry,CAR_1_60,"CAR[+1,+60]",topic_severity_pre_volatility_industry,Topic + severity + pre-volatility + industry,True,True,no_intercept_all_topic_coefficients,"Q(""CAR_1_60"") ~ 0 + C(topic) + severity_score + pre_event_volatility + C(industry)",273,C(industry)[T.Health Care],0.0032140177515659653,0.04877013691982249,0.06590134772124531,0.9474563675911911,Industry: Health Care,industry_control,0.0032 (0.0488),
CAR_1_60__topic_severity_pre_volatility_industry,CAR_1_60,"CAR[+1,+60]",topic_severity_pre_volatility_industry,Topic + severity + pre-volatility + industry,True,True,no_intercept_all_topic_coefficients,"Q(""CAR_1_60"") ~ 0 + C(topic) + severity_score + pre_event_volatility + C(industry)",273,C(industry)[T.Industrials],-0.006532791124029432,0.039636149372827445,-0.16481901565614712,0.8690864364068572,Industry: Industrials,industry_control,-0.0065 (0.0396),
CAR_1_60__topic_severity_pre_volatility_industry,CAR_1_60,"CAR[+1,+60]",topic_severity_pre_volatility_industry,Topic + severity + pre-volatility + industry,True,True,no_intercept_all_topic_coefficients,"Q(""CAR_1_60"") ~ 0 + C(topic) + severity_score + pre_event_volatility + C(industry)",273,C(industry)[T.Information Technology],-0.021898246124480804,0.03940838332462249,-0.5556748152822272,0.5784331762464674,Industry: Information Technology,industry_control,-0.0219 (0.0394),
CAR_1_60__topic_severity_pre_volatility_industry,CAR_1_60,"CAR[+1,+60]",topic_severity_pre_volatility_industry,Topic + severity + pre-volatility + industry,True,True,no_intercept_all_topic_coefficients,"Q(""CAR_1_60"") ~ 0 + C(topic) + severity_score + pre_event_volatility + C(industry)",273,C(industry)[T.Materials],-0.09518564130811484,0.049879862385435875,-1.9082979935387219,0.05635271219868322,Industry: Materials,industry_control,-0.0952* (0.0499),
CAR_1_60__topic_severity_pre_volatility_industry,CAR_1_60,"CAR[+1,+60]",topic_severity_pre_volatility_industry,Topic + severity + pre-volatility + industry,True,True,no_intercept_all_topic_coefficients,"Q(""CAR_1_60"") ~ 0 + C(topic) + severity_score + pre_event_volatility + C(industry)",273,C(industry)[T.Real Estate],-0.02624061523014909,0.036474899612606596,-0.7194156943225611,0.4718848297024484,Industry: Real Estate,industry_control,-0.0262 (0.0365),
CAR_1_60__topic_severity_pre_volatility_industry,CAR_1_60,"CAR[+1,+60]",topic_severity_pre_volatility_industry,Topic + severity + pre-volatility + industry,True,True,no_intercept_all_topic_coefficients,"Q(""CAR_1_60"") ~ 0 + C(topic) + severity_score + pre_event_volatility + C(industry)",273,C(industry)[T.Utilities],-0.03833333741561652,0.046471074283126364,-0.8248859749200019,0.4094363295522807,Industry: Utilities,industry_control,-0.0383 (0.0465),
CAR_1_60__topic_severity_pre_volatility_industry,CAR_1_60,"CAR[+1,+60]",topic_severity_pre_volatility_industry,Topic + severity + pre-volatility + industry,True,True,no_intercept_all_topic_coefficients,"Q(""CAR_1_60"") ~ 0 + C(topic) + severity_score + pre_event_volatility + C(industry)",273,severity_score,0.00046454189809849895,0.0031266653060397546,0.14857423249017,0.8818896067989427,Severity score,main_variable,0.0005 (0.0031),
CAR_1_60__topic_severity_pre_volatility_industry,CAR_1_60,"CAR[+1,+60]",topic_severity_pre_volatility_industry,Topic + severity + pre-volatility + industry,True,True,no_intercept_all_topic_coefficients,"Q(""CAR_1_60"") ~ 0 + C(topic) + severity_score + pre_event_volatility + C(industry)",273,pre_event_volatility,-2.126487025487384,1.4317596784387592,-1.4852262272158552,0.13748390664099802,Pre-event volatility,control,-2.1265 (1.4318),
