ticker,thread_id,forms_in_thread,normalized_forms_in_thread,accession_count,filing_count,extracted_text_count,ok_extraction_count,file_count,byte_count,has_company_submissions,submission_archive_count,sample_start_date,sample_end_date
A,A_0000000000-16-092800,"UPLOAD, CORRESP, UPLOAD","STAFF_LETTER, FILER_RESPONSE, STAFF_LETTER",3,3,3,3,11,184294,True,1,2016-01-01,2026-04-28
ABBV,ABBV_0000000000-18-013671,"UPLOAD, CORRESP","STAFF_LETTER, FILER_RESPONSE",2,2,2,2,8,172884,True,1,2016-01-01,2026-04-28
ABBV,ABBV_0000000000-20-009552,"UPLOAD, CORRESP, CORRESP, UPLOAD, CORRESP, UPLOAD, CORRESP, UPLOAD","STAFF_LETTER, FILER_RESPONSE, FILER_RESPONSE, STAFF_LETTER, FILER_RESPONSE, STAFF_LETTER, FILER_RESPONSE, STAFF_LETTER",8,8,8,8,26,216101,True,1,2016-01-01,2026-04-28
ABBV,ABBV_0000000000-22-010309,"UPLOAD, CORRESP, UPLOAD","STAFF_LETTER, FILER_RESPONSE, STAFF_LETTER",3,3,3,3,11,88583,True,1,2016-01-01,2026-04-28
ADM,ADM_0000000000-17-044885,"UPLOAD, CORRESP, UPLOAD","STAFF_LETTER, FILER_RESPONSE, STAFF_LETTER",3,3,3,3,11,174238,True,1,2016-01-01,2026-04-28
ADM,ADM_0000000000-20-007987,"UPLOAD, CORRESP, UPLOAD, CORRESP, UPLOAD","STAFF_LETTER, FILER_RESPONSE, STAFF_LETTER, FILER_RESPONSE, STAFF_LETTER",5,5,5,5,17,151866,True,1,2016-01-01,2026-04-28
ADM,ADM_0000000000-21-013296,"UPLOAD, CORRESP, UPLOAD","STAFF_LETTER, FILER_RESPONSE, STAFF_LETTER",3,3,3,3,11,79225,True,1,2016-01-01,2026-04-28
ADM,ADM_0000000000-24-005934,"UPLOAD, CORRESP, CORRESP, UPLOAD, CORRESP, CORRESP, UPLOAD, CORRESP, CORRESP, UPLOAD","STAFF_LETTER, FILER_RESPONSE, FILER_RESPONSE, STAFF_LETTER, FILER_RESPONSE, FILER_RESPONSE, STAFF_LETTER, FILER_RESPONSE, FILER_RESPONSE, STAFF_LETTER",10,10,10,10,32,298074,True,1,2016-01-01,2026-04-28
ADSK,ADSK_0000000000-17-022741,"UPLOAD, CORRESP, UPLOAD","STAFF_LETTER, FILER_RESPONSE, STAFF_LETTER",3,3,3,3,11,168052,True,0,2016-01-01,2026-04-28
ADSK,ADSK_0000000000-18-024031,"UPLOAD, CORRESP, CORRESP, UPLOAD, CORRESP, UPLOAD, CORRESP, CORRESP, UPLOAD","STAFF_LETTER, FILER_RESPONSE, FILER_RESPONSE, STAFF_LETTER, FILER_RESPONSE, STAFF_LETTER, FILER_RESPONSE, FILER_RESPONSE, STAFF_LETTER",9,9,9,9,29,445955,True,0,2016-01-01,2026-04-28
AFL,AFL_0000000000-16-074172,"UPLOAD, CORRESP, UPLOAD, CORRESP, UPLOAD","STAFF_LETTER, FILER_RESPONSE, STAFF_LETTER, FILER_RESPONSE, STAFF_LETTER",5,5,5,5,17,481008,True,1,2016-01-01,2026-04-28
AFL,AFL_0000000000-17-014838,"UPLOAD, CORRESP, UPLOAD","STAFF_LETTER, FILER_RESPONSE, STAFF_LETTER",3,3,3,3,11,171834,True,1,2016-01-01,2026-04-28
AFL,AFL_0000000000-23-008707,"UPLOAD, CORRESP","STAFF_LETTER, FILER_RESPONSE",2,2,2,2,8,39336,True,1,2016-01-01,2026-04-28
AJG,AJG_0000000000-16-075772,"UPLOAD, CORRESP, CORRESP, UPLOAD","STAFF_LETTER, FILER_RESPONSE, FILER_RESPONSE, STAFF_LETTER",4,4,4,4,14,266795,True,1,2016-01-01,2026-04-28
AJG,AJG_0000000000-16-102009,"UPLOAD, CORRESP","STAFF_LETTER, FILER_RESPONSE",2,2,2,2,8,35784,True,1,2016-01-01,2026-04-28
AJG,AJG_0000000000-22-012653,"UPLOAD, CORRESP","STAFF_LETTER, FILER_RESPONSE",2,2,2,2,8,37946,True,1,2016-01-01,2026-04-28
AJG,AJG_0000000000-24-002978,"UPLOAD, CORRESP","STAFF_LETTER, FILER_RESPONSE",2,2,2,2,8,170402,True,1,2016-01-01,2026-04-28
AJG,AJG_0000000000-24-010451,UPLOAD,STAFF_LETTER,1,1,1,1,5,30380,True,1,2016-01-01,2026-04-28
ALL,ALL_0000000000-17-014470,"UPLOAD, CORRESP, UPLOAD, CORRESP, UPLOAD","STAFF_LETTER, FILER_RESPONSE, STAFF_LETTER, FILER_RESPONSE, STAFF_LETTER",5,5,5,5,17,647716,True,1,2016-01-01,2026-04-28
ALL,ALL_0000000000-18-011843,"UPLOAD, CORRESP, UPLOAD, CORRESP, UPLOAD","STAFF_LETTER, FILER_RESPONSE, STAFF_LETTER, FILER_RESPONSE, STAFF_LETTER",5,5,5,5,17,457701,True,1,2016-01-01,2026-04-28
ALL,ALL_0000000000-21-003670,"UPLOAD, CORRESP, UPLOAD","STAFF_LETTER, FILER_RESPONSE, STAFF_LETTER",3,3,3,3,11,178276,True,1,2016-01-01,2026-04-28
AMT,AMT_0000000000-16-074877,"UPLOAD, UPLOAD, CORRESP","STAFF_LETTER, STAFF_LETTER, FILER_RESPONSE",3,3,3,3,11,171929,True,1,2016-01-01,2026-04-28
AMT,AMT_0000000000-18-008426,"UPLOAD, CORRESP, UPLOAD","STAFF_LETTER, FILER_RESPONSE, STAFF_LETTER",3,3,3,3,11,164604,True,1,2016-01-01,2026-04-28
AMT,AMT_0000000000-23-002236,"UPLOAD, CORRESP, CORRESP, UPLOAD","STAFF_LETTER, FILER_RESPONSE, FILER_RESPONSE, STAFF_LETTER",4,4,4,4,14,120090,True,1,2016-01-01,2026-04-28
AON,AON_0000000000-17-045347,"UPLOAD, CORRESP, UPLOAD, CORRESP, UPLOAD","STAFF_LETTER, FILER_RESPONSE, STAFF_LETTER, FILER_RESPONSE, STAFF_LETTER",5,5,5,5,17,249569,True,0,2016-01-01,2026-04-28
AON,AON_0000000000-18-025493,"UPLOAD, CORRESP, UPLOAD","STAFF_LETTER, FILER_RESPONSE, STAFF_LETTER",3,3,3,3,11,128662,True,0,2016-01-01,2026-04-28
AON,AON_0000000000-19-006947,UPLOAD,STAFF_LETTER,1,1,1,1,5,34698,True,0,2016-01-01,2026-04-28
AON,AON_0000000000-20-004858,"UPLOAD, CORRESP, UPLOAD","STAFF_LETTER, FILER_RESPONSE, STAFF_LETTER",3,3,3,3,11,89061,True,0,2016-01-01,2026-04-28
AON,AON_0000000000-22-013878,"UPLOAD, CORRESP, UPLOAD","STAFF_LETTER, FILER_RESPONSE, STAFF_LETTER",3,3,3,3,11,163679,True,0,2016-01-01,2026-04-28
AON,AON_0000000000-24-003147,"UPLOAD, CORRESP, CORRESP, CORRESP","STAFF_LETTER, FILER_RESPONSE, FILER_RESPONSE, FILER_RESPONSE",4,4,4,4,14,115881,True,0,2016-01-01,2026-04-28
APP,APP_0000000000-20-012628,"UPLOAD, UPLOAD, CORRESP, UPLOAD, CORRESP, UPLOAD, CORRESP, CORRESP, CORRESP","STAFF_LETTER, STAFF_LETTER, FILER_RESPONSE, STAFF_LETTER, FILER_RESPONSE, STAFF_LETTER, FILER_RESPONSE, FILER_RESPONSE, FILER_RESPONSE",9,9,9,9,29,413573,True,0,2016-01-01,2026-04-28
APP,APP_0000000000-21-013958,"UPLOAD, CORRESP, CORRESP, CORRESP","STAFF_LETTER, FILER_RESPONSE, FILER_RESPONSE, FILER_RESPONSE",4,4,4,4,14,105923,True,0,2016-01-01,2026-04-28
AVY,AVY_0000000000-18-009394,"UPLOAD, CORRESP, CORRESP, UPLOAD","STAFF_LETTER, FILER_RESPONSE, FILER_RESPONSE, STAFF_LETTER",4,4,4,4,14,91543,True,0,2016-01-01,2026-04-28
AVY,AVY_0000000000-23-003698,"UPLOAD, CORRESP, UPLOAD","STAFF_LETTER, FILER_RESPONSE, STAFF_LETTER",3,3,3,3,11,95727,True,0,2016-01-01,2026-04-28
BBY,BBY_0000000000-16-088191,"UPLOAD, CORRESP, UPLOAD","STAFF_LETTER, FILER_RESPONSE, STAFF_LETTER",3,3,3,3,11,229072,True,1,2016-01-01,2026-04-28
BKR,BKR_0000000000-17-014455,"UPLOAD, CORRESP, UPLOAD, CORRESP, CORRESP","STAFF_LETTER, FILER_RESPONSE, STAFF_LETTER, FILER_RESPONSE, FILER_RESPONSE",5,5,5,5,17,454424,True,0,2016-01-01,2026-04-28
BKR,BKR_0000000000-18-030596,"UPLOAD, CORRESP, UPLOAD","STAFF_LETTER, FILER_RESPONSE, STAFF_LETTER",3,3,3,3,11,92410,True,0,2016-01-01,2026-04-28
BKR,BKR_0000000000-24-008308,"UPLOAD, CORRESP, UPLOAD, CORRESP, UPLOAD","STAFF_LETTER, FILER_RESPONSE, STAFF_LETTER, FILER_RESPONSE, STAFF_LETTER",5,5,5,5,17,136326,True,0,2016-01-01,2026-04-28
BRK-B,BRK-B_0000000000-16-092092,"UPLOAD, CORRESP, CORRESP, UPLOAD","STAFF_LETTER, FILER_RESPONSE, FILER_RESPONSE, STAFF_LETTER",4,4,4,4,14,295003,True,1,2016-01-01,2026-04-28
BRK-B,BRK-B_0000000000-17-008779,"UPLOAD, CORRESP, CORRESP, UPLOAD, CORRESP, CORRESP, UPLOAD","STAFF_LETTER, FILER_RESPONSE, FILER_RESPONSE, STAFF_LETTER, FILER_RESPONSE, FILER_RESPONSE, STAFF_LETTER",7,7,7,7,23,913004,True,1,2016-01-01,2026-04-28
BRK-B,BRK-B_0000000000-19-008277,"UPLOAD, CORRESP, CORRESP, UPLOAD","STAFF_LETTER, FILER_RESPONSE, FILER_RESPONSE, STAFF_LETTER",4,4,4,4,14,186643,True,1,2016-01-01,2026-04-28
BRK-B,BRK-B_0000000000-21-008029,"UPLOAD, CORRESP, UPLOAD","STAFF_LETTER, FILER_RESPONSE, STAFF_LETTER",3,3,3,3,11,75233,True,1,2016-01-01,2026-04-28
BRK-B,BRK-B_0000000000-22-009598,"UPLOAD, CORRESP, UPLOAD","STAFF_LETTER, FILER_RESPONSE, STAFF_LETTER",3,3,3,3,11,71664,True,1,2016-01-01,2026-04-28
BRK-B,BRK-B_0000000000-23-008134,"UPLOAD, CORRESP, UPLOAD","STAFF_LETTER, FILER_RESPONSE, STAFF_LETTER",3,3,3,3,11,70422,True,1,2016-01-01,2026-04-28
BRK-B,BRK-B_0000000000-24-009131,"UPLOAD, CORRESP, UPLOAD","STAFF_LETTER, FILER_RESPONSE, STAFF_LETTER",3,3,3,3,11,73116,True,1,2016-01-01,2026-04-28
BRO,,,,0,0,0,0,1,302553,True,0,,
BSX,BSX_0000000000-16-070496,"UPLOAD, CORRESP, UPLOAD","STAFF_LETTER, FILER_RESPONSE, STAFF_LETTER",3,3,3,3,11,253359,True,1,2016-01-01,2026-04-28
BSX,BSX_0000000000-16-094201,"UPLOAD, CORRESP, UPLOAD, CORRESP, UPLOAD","STAFF_LETTER, FILER_RESPONSE, STAFF_LETTER, FILER_RESPONSE, STAFF_LETTER",5,5,5,5,17,332992,True,1,2016-01-01,2026-04-28
BXP,BXP_0000000000-17-016099,"UPLOAD, CORRESP, UPLOAD","STAFF_LETTER, FILER_RESPONSE, STAFF_LETTER",3,3,3,3,11,152306,True,1,2016-01-01,2026-04-28
BXP,BXP_0000000000-18-024571,"UPLOAD, CORRESP, UPLOAD","STAFF_LETTER, FILER_RESPONSE, STAFF_LETTER",3,3,3,3,11,340204,True,1,2016-01-01,2026-04-28
BXP,BXP_0000000000-22-009471,"UPLOAD, CORRESP, UPLOAD","STAFF_LETTER, FILER_RESPONSE, STAFF_LETTER",3,3,3,3,11,88431,True,1,2016-01-01,2026-04-28
BXP,BXP_0000000000-24-009655,"UPLOAD, CORRESP, UPLOAD","STAFF_LETTER, FILER_RESPONSE, STAFF_LETTER",3,3,3,3,11,119125,True,1,2016-01-01,2026-04-28
C,C_0000000000-16-082386,"UPLOAD, CORRESP, UPLOAD, CORRESP, UPLOAD","STAFF_LETTER, FILER_RESPONSE, STAFF_LETTER, FILER_RESPONSE, STAFF_LETTER",5,5,5,5,17,345218,True,32,2016-01-01,2026-04-28
C,C_0000000000-17-009750,"UPLOAD, CORRESP, CORRESP","STAFF_LETTER, FILER_RESPONSE, FILER_RESPONSE",3,3,3,3,11,59334,True,32,2016-01-01,2026-04-28
C,C_0000000000-18-014255,"UPLOAD, CORRESP","STAFF_LETTER, FILER_RESPONSE",2,2,2,2,8,39157,True,32,2016-01-01,2026-04-28
C,C_0000000000-19-012201,"UPLOAD, CORRESP, UPLOAD","STAFF_LETTER, FILER_RESPONSE, STAFF_LETTER",3,3,3,3,11,366925,True,32,2016-01-01,2026-04-28
C,C_0000000000-20-008961,"UPLOAD, CORRESP, UPLOAD, CORRESP, UPLOAD, UPLOAD, CORRESP","STAFF_LETTER, FILER_RESPONSE, STAFF_LETTER, FILER_RESPONSE, STAFF_LETTER, STAFF_LETTER, FILER_RESPONSE",7,7,7,7,23,275297,True,32,2016-01-01,2026-04-28
C,C_0000000000-22-004745,"UPLOAD, CORRESP, UPLOAD, CORRESP, UPLOAD","STAFF_LETTER, FILER_RESPONSE, STAFF_LETTER, FILER_RESPONSE, STAFF_LETTER",5,5,5,5,17,286150,True,32,2016-01-01,2026-04-28
C,C_0000000000-24-006685,"UPLOAD, CORRESP, UPLOAD","STAFF_LETTER, FILER_RESPONSE, STAFF_LETTER",3,3,3,3,11,230389,True,32,2016-01-01,2026-04-28
CAH,,,,0,0,0,0,1,316718,True,0,,
CARR,CARR_0000000000-19-013211,"UPLOAD, UPLOAD, UPLOAD, CORRESP, UPLOAD, SEC STAFF ACTION, UPLOAD, CORRESP, UPLOAD, CORRESP, UPLOAD, CORRESP","STAFF_LETTER, STAFF_LETTER, STAFF_LETTER, FILER_RESPONSE, STAFF_LETTER, STAFF_ACTION, STAFF_LETTER, FILER_RESPONSE, STAFF_LETTER, FILER_RESPONSE, STAFF_LETTER, FILER_RESPONSE",12,12,12,12,38,280780,True,0,2016-01-01,2026-04-28
CARR,CARR_0000000000-24-006263,"UPLOAD, CORRESP, UPLOAD","STAFF_LETTER, FILER_RESPONSE, STAFF_LETTER",3,3,3,3,11,113635,True,0,2016-01-01,2026-04-28
CARR,CARR_0000000000-25-008021,"UPLOAD, CORRESP","STAFF_LETTER, FILER_RESPONSE",2,2,2,2,8,41606,True,0,2016-01-01,2026-04-28
CASY,CASY_0000000000-23-001432,"UPLOAD, CORRESP, CORRESP, UPLOAD, CORRESP, UPLOAD","STAFF_LETTER, FILER_RESPONSE, FILER_RESPONSE, STAFF_LETTER, FILER_RESPONSE, STAFF_LETTER",6,6,6,6,20,166862,True,0,2016-01-01,2026-04-28
CASY,CASY_0000000000-24-002104,"UPLOAD, CORRESP, UPLOAD","STAFF_LETTER, FILER_RESPONSE, STAFF_LETTER",3,3,3,3,11,102865,True,0,2016-01-01,2026-04-28
CAT,CAT_0000000000-17-022437,"UPLOAD, CORRESP, UPLOAD, CORRESP, UPLOAD","STAFF_LETTER, FILER_RESPONSE, STAFF_LETTER, FILER_RESPONSE, STAFF_LETTER",5,5,5,5,17,347695,True,1,2016-01-01,2026-04-28
CAT,CAT_0000000000-22-010513,"UPLOAD, CORRESP, UPLOAD","STAFF_LETTER, FILER_RESPONSE, STAFF_LETTER",3,3,3,3,11,106882,True,1,2016-01-01,2026-04-28
CAT,CAT_0000000000-24-002665,"UPLOAD, CORRESP, UPLOAD","STAFF_LETTER, FILER_RESPONSE, STAFF_LETTER",3,3,3,3,11,101096,True,1,2016-01-01,2026-04-28
CB,CB_0000000000-16-084378,"UPLOAD, CORRESP, CORRESP, UPLOAD, UPLOAD","STAFF_LETTER, FILER_RESPONSE, FILER_RESPONSE, STAFF_LETTER, STAFF_LETTER",5,5,5,5,17,231033,True,1,2016-01-01,2026-04-28
CB,CB_0000000000-17-027038,"UPLOAD, CORRESP, UPLOAD, CORRESP, UPLOAD","STAFF_LETTER, FILER_RESPONSE, STAFF_LETTER, FILER_RESPONSE, STAFF_LETTER",5,5,5,5,17,416698,True,1,2016-01-01,2026-04-28
CB,CB_0000000000-19-007690,"UPLOAD, CORRESP, CORRESP, UPLOAD","STAFF_LETTER, FILER_RESPONSE, FILER_RESPONSE, STAFF_LETTER",4,4,4,4,14,121761,True,1,2016-01-01,2026-04-28
CB,CB_0000000000-22-009599,"UPLOAD, CORRESP, UPLOAD","STAFF_LETTER, FILER_RESPONSE, STAFF_LETTER",3,3,3,3,11,74859,True,1,2016-01-01,2026-04-28
CCI,CCI_0000000000-17-015547,"UPLOAD, CORRESP, UPLOAD","STAFF_LETTER, FILER_RESPONSE, STAFF_LETTER",3,3,3,3,11,75526,True,1,2016-01-01,2026-04-28
CCI,CCI_0000000000-24-002292,"UPLOAD, UPLOAD, UPLOAD, UPLOAD, CORRESP, UPLOAD, UPLOAD, UPLOAD, CORRESP, UPLOAD, CORRESP, UPLOAD","STAFF_LETTER, STAFF_LETTER, STAFF_LETTER, STAFF_LETTER, FILER_RESPONSE, STAFF_LETTER, STAFF_LETTER, STAFF_LETTER, FILER_RESPONSE, STAFF_LETTER, FILER_RESPONSE, STAFF_LETTER",12,12,12,12,38,440729,True,1,2016-01-01,2026-04-28
CCI,CCI_0000000000-25-005508,"UPLOAD, CORRESP, UPLOAD","STAFF_LETTER, FILER_RESPONSE, STAFF_LETTER",3,3,3,3,11,94702,True,1,2016-01-01,2026-04-28
CDNS,CDNS_0000000000-23-011586,"UPLOAD, CORRESP, UPLOAD","STAFF_LETTER, FILER_RESPONSE, STAFF_LETTER",3,3,3,3,11,107034,True,1,2016-01-01,2026-04-28
CEG,CEG_0000000000-21-010325,"UPLOAD, UPLOAD, UPLOAD, CORRESP, UPLOAD, CORRESP, UPLOAD, CORRESP, CORRESP, SEC STAFF ACTION","STAFF_LETTER, STAFF_LETTER, STAFF_LETTER, FILER_RESPONSE, STAFF_LETTER, FILER_RESPONSE, STAFF_LETTER, FILER_RESPONSE, FILER_RESPONSE, STAFF_ACTION",10,10,10,10,32,269990,True,0,2016-01-01,2026-04-28
CHRW,CHRW_0000000000-20-011939,"UPLOAD, CORRESP, UPLOAD","STAFF_LETTER, FILER_RESPONSE, STAFF_LETTER",3,3,3,3,11,86586,True,1,2016-01-01,2026-04-28
CIEN,CIEN_0000000000-16-069477,"UPLOAD, CORRESP, CORRESP, UPLOAD","STAFF_LETTER, FILER_RESPONSE, FILER_RESPONSE, STAFF_LETTER",4,4,4,4,14,194851,True,1,2016-01-01,2026-04-28
CIEN,CIEN_0000000000-17-024065,"UPLOAD, CORRESP","STAFF_LETTER, FILER_RESPONSE",2,2,2,2,8,189397,True,1,2016-01-01,2026-04-28
CIEN,CIEN_0000000000-18-004375,"UPLOAD, CORRESP, UPLOAD","STAFF_LETTER, FILER_RESPONSE, STAFF_LETTER",3,3,3,3,11,102330,True,1,2016-01-01,2026-04-28
CIEN,CIEN_0000000000-20-003316,"UPLOAD, CORRESP, UPLOAD","STAFF_LETTER, FILER_RESPONSE, STAFF_LETTER",3,3,3,3,11,90261,True,1,2016-01-01,2026-04-28
CMS,,,,0,0,0,0,1,308261,True,0,,
COF,COF_0000000000-20-012214,"UPLOAD, CORRESP, CORRESP, UPLOAD","STAFF_LETTER, FILER_RESPONSE, FILER_RESPONSE, STAFF_LETTER",4,4,4,4,14,237874,True,1,2016-01-01,2026-04-28
COF,COF_0000000000-22-010286,"UPLOAD, CORRESP, UPLOAD","STAFF_LETTER, FILER_RESPONSE, STAFF_LETTER",3,3,3,3,11,70862,True,1,2016-01-01,2026-04-28
COF,COF_0000000000-23-014108,"UPLOAD, CORRESP, CORRESP, UPLOAD","STAFF_LETTER, FILER_RESPONSE, FILER_RESPONSE, STAFF_LETTER",4,4,4,4,14,151344,True,1,2016-01-01,2026-04-28
COF,COF_0000000000-24-005698,"UPLOAD, CORRESP, UPLOAD, CORRESP, UPLOAD, CORRESP, CORRESP, UPLOAD, UPLOAD, CORRESP, CORRESP, CORRESP, CORRESP","STAFF_LETTER, FILER_RESPONSE, STAFF_LETTER, FILER_RESPONSE, STAFF_LETTER, FILER_RESPONSE, FILER_RESPONSE, STAFF_LETTER, STAFF_LETTER, FILER_RESPONSE, FILER_RESPONSE, FILER_RESPONSE, FILER_RESPONSE",13,13,13,13,41,507429,True,1,2016-01-01,2026-04-28
CTSH,CTSH_0000000000-17-034709,"UPLOAD, CORRESP, UPLOAD","STAFF_LETTER, FILER_RESPONSE, STAFF_LETTER",3,3,3,3,11,232147,True,1,2016-01-01,2026-04-28
DASH,DASH_0000000000-20-002224,UPLOAD,STAFF_LETTER,1,1,1,1,5,67977,True,1,2016-01-01,2026-04-28
DASH,DASH_0000000000-20-007251,"UPLOAD, UPLOAD, UPLOAD, CORRESP, CORRESP, CORRESP, UPLOAD, CORRESP","STAFF_LETTER, STAFF_LETTER, STAFF_LETTER, FILER_RESPONSE, FILER_RESPONSE, FILER_RESPONSE, STAFF_LETTER, FILER_RESPONSE",8,8,8,8,26,318845,True,1,2016-01-01,2026-04-28
DASH,DASH_0000000000-22-000022,"UPLOAD, CORRESP, UPLOAD, CORRESP, UPLOAD","STAFF_LETTER, FILER_RESPONSE, STAFF_LETTER, FILER_RESPONSE, STAFF_LETTER",5,5,5,5,17,139687,True,1,2016-01-01,2026-04-28
DRI,DRI_0000000000-18-003836,"UPLOAD, CORRESP, UPLOAD","STAFF_LETTER, FILER_RESPONSE, STAFF_LETTER",3,3,3,3,11,163249,True,1,2016-01-01,2026-04-28
EA,EA_0000000000-19-011278,"UPLOAD, CORRESP, UPLOAD, CORRESP, UPLOAD, CORRESP, UPLOAD","STAFF_LETTER, FILER_RESPONSE, STAFF_LETTER, FILER_RESPONSE, STAFF_LETTER, FILER_RESPONSE, STAFF_LETTER",7,7,7,7,23,396999,True,1,2016-01-01,2026-04-28
EA,EA_9999999997-21-000527,"SEC STAFF LETTER, SEC STAFF LETTER","STAFF_LETTER, STAFF_LETTER",2,2,2,2,8,607865,True,1,2016-01-01,2026-04-28
EBAY,EBAY_0000000000-17-028776,"UPLOAD, CORRESP, UPLOAD, CORRESP, UPLOAD, CORRESP, UPLOAD","STAFF_LETTER, FILER_RESPONSE, STAFF_LETTER, FILER_RESPONSE, STAFF_LETTER, FILER_RESPONSE, STAFF_LETTER",7,7,7,7,23,473923,True,1,2016-01-01,2026-04-28
EBAY,EBAY_0000000000-18-030096,"UPLOAD, CORRESP, CORRESP, UPLOAD, CORRESP, UPLOAD","STAFF_LETTER, FILER_RESPONSE, FILER_RESPONSE, STAFF_LETTER, FILER_RESPONSE, STAFF_LETTER",6,6,6,6,20,463560,True,1,2016-01-01,2026-04-28
EBAY,EBAY_0000000000-21-005831,"UPLOAD, CORRESP, UPLOAD","STAFF_LETTER, FILER_RESPONSE, STAFF_LETTER",3,3,3,3,11,126853,True,1,2016-01-01,2026-04-28
EBAY,EBAY_0000000000-22-010339,"UPLOAD, CORRESP, UPLOAD","STAFF_LETTER, FILER_RESPONSE, STAFF_LETTER",3,3,3,3,11,76279,True,1,2016-01-01,2026-04-28
EBAY,EBAY_0000000000-24-010609,"UPLOAD, CORRESP, UPLOAD","STAFF_LETTER, FILER_RESPONSE, STAFF_LETTER",3,3,3,3,11,81911,True,1,2016-01-01,2026-04-28
EBAY,EBAY_0000000000-25-004920,"UPLOAD, CORRESP, UPLOAD","STAFF_LETTER, FILER_RESPONSE, STAFF_LETTER",3,3,3,3,11,75224,True,1,2016-01-01,2026-04-28
ESS,ESS_0000000000-17-010663,"UPLOAD, CORRESP, UPLOAD","STAFF_LETTER, FILER_RESPONSE, STAFF_LETTER",3,3,3,3,11,89178,True,0,2016-01-01,2026-04-28
ETN,ETN_0000000000-16-063947,UPLOAD,STAFF_LETTER,1,1,1,1,5,27357,True,1,2016-01-01,2026-04-28
ETN,ETN_0000000000-17-044426,"UPLOAD, CORRESP, UPLOAD, CORRESP, UPLOAD","STAFF_LETTER, FILER_RESPONSE, STAFF_LETTER, FILER_RESPONSE, STAFF_LETTER",5,5,5,5,17,267832,True,1,2016-01-01,2026-04-28
ETN,ETN_0000000000-18-038869,"UPLOAD, CORRESP, UPLOAD","STAFF_LETTER, FILER_RESPONSE, STAFF_LETTER",3,3,3,3,11,167322,True,1,2016-01-01,2026-04-28
ETN,ETN_0000000000-24-003729,"UPLOAD, CORRESP, CORRESP, UPLOAD, UPLOAD, CORRESP","STAFF_LETTER, FILER_RESPONSE, FILER_RESPONSE, STAFF_LETTER, STAFF_LETTER, FILER_RESPONSE",6,6,6,6,20,156705,True,1,2016-01-01,2026-04-28
EXPE,EXPE_0000000000-16-095389,"UPLOAD, CORRESP","STAFF_LETTER, FILER_RESPONSE",2,2,2,2,8,127760,True,1,2016-01-01,2026-04-28
EXPE,EXPE_0000000000-17-016265,"UPLOAD, CORRESP, CORRESP, UPLOAD, CORRESP, CORRESP, UPLOAD","STAFF_LETTER, FILER_RESPONSE, FILER_RESPONSE, STAFF_LETTER, FILER_RESPONSE, FILER_RESPONSE, STAFF_LETTER",7,7,7,7,23,302461,True,1,2016-01-01,2026-04-28
EXPE,EXPE_0000000000-18-024417,"UPLOAD, CORRESP, UPLOAD","STAFF_LETTER, FILER_RESPONSE, STAFF_LETTER",3,3,3,3,11,85220,True,1,2016-01-01,2026-04-28
EXPE,EXPE_0000000000-19-008960,"UPLOAD, CORRESP, CORRESP, CORRESP, UPLOAD, CORRESP, UPLOAD, CORRESP","STAFF_LETTER, FILER_RESPONSE, FILER_RESPONSE, FILER_RESPONSE, STAFF_LETTER, FILER_RESPONSE, STAFF_LETTER, FILER_RESPONSE",8,8,8,8,26,182385,True,1,2016-01-01,2026-04-28
EXPE,EXPE_0000000000-24-003851,"UPLOAD, CORRESP, UPLOAD","STAFF_LETTER, FILER_RESPONSE, STAFF_LETTER",3,3,3,3,11,87128,True,1,2016-01-01,2026-04-28
F,F_0000000000-17-029248,"UPLOAD, CORRESP, UPLOAD, CORRESP, UPLOAD, UPLOAD, CORRESP, UPLOAD, CORRESP, UPLOAD","STAFF_LETTER, FILER_RESPONSE, STAFF_LETTER, FILER_RESPONSE, STAFF_LETTER, STAFF_LETTER, FILER_RESPONSE, STAFF_LETTER, FILER_RESPONSE, STAFF_LETTER",10,10,10,10,32,655309,True,1,2016-01-01,2026-04-28
F,F_0000000000-22-007496,"UPLOAD, CORRESP, UPLOAD, CORRESP, UPLOAD","STAFF_LETTER, FILER_RESPONSE, STAFF_LETTER, FILER_RESPONSE, STAFF_LETTER",5,5,5,5,17,249944,True,1,2016-01-01,2026-04-28
FCX,FCX_0000000000-17-017202,"UPLOAD, CORRESP","STAFF_LETTER, FILER_RESPONSE",2,2,2,2,8,39868,True,0,2016-01-01,2026-04-28
FCX,FCX_0000000000-22-004385,"UPLOAD, CORRESP, CORRESP, UPLOAD","STAFF_LETTER, FILER_RESPONSE, FILER_RESPONSE, STAFF_LETTER",4,4,4,4,14,1898967,True,0,2016-01-01,2026-04-28
FIX,FIX_0000000000-16-065580,UPLOAD,STAFF_LETTER,1,1,1,1,5,28786,True,0,2016-01-01,2026-04-28
FOX,FOX_0000000000-18-034571,"UPLOAD, UPLOAD, CORRESP, CORRESP, UPLOAD, SEC STAFF ACTION","STAFF_LETTER, STAFF_LETTER, FILER_RESPONSE, FILER_RESPONSE, STAFF_LETTER, STAFF_ACTION",6,6,6,6,20,224041,True,0,2016-01-01,2026-04-28
FOX,FOX_0000000000-19-013787,"UPLOAD, CORRESP, UPLOAD, CORRESP, UPLOAD, CORRESP","STAFF_LETTER, FILER_RESPONSE, STAFF_LETTER, FILER_RESPONSE, STAFF_LETTER, FILER_RESPONSE",6,6,6,6,20,271962,True,0,2016-01-01,2026-04-28
FOX,FOX_0000000000-24-002186,"UPLOAD, CORRESP, UPLOAD, CORRESP, CORRESP, UPLOAD, CORRESP, CORRESP, UPLOAD","STAFF_LETTER, FILER_RESPONSE, STAFF_LETTER, FILER_RESPONSE, FILER_RESPONSE, STAFF_LETTER, FILER_RESPONSE, FILER_RESPONSE, STAFF_LETTER",9,9,9,9,29,350094,True,0,2016-01-01,2026-04-28
GIS,GIS_0000000000-18-018988,"UPLOAD, UPLOAD, CORRESP, UPLOAD","STAFF_LETTER, STAFF_LETTER, FILER_RESPONSE, STAFF_LETTER",4,4,4,4,14,249340,True,1,2016-01-01,2026-04-28
GIS,GIS_0000000000-20-001733,"UPLOAD, CORRESP, CORRESP, UPLOAD","STAFF_LETTER, FILER_RESPONSE, FILER_RESPONSE, STAFF_LETTER",4,4,4,4,14,102738,True,1,2016-01-01,2026-04-28
GIS,GIS_0000000000-21-013208,"UPLOAD, CORRESP, UPLOAD, UPLOAD, CORRESP","STAFF_LETTER, FILER_RESPONSE, STAFF_LETTER, STAFF_LETTER, FILER_RESPONSE",5,5,5,5,17,132163,True,1,2016-01-01,2026-04-28
GLW,GLW_0000000000-17-010797,"UPLOAD, CORRESP, UPLOAD","STAFF_LETTER, FILER_RESPONSE, STAFF_LETTER",3,3,3,3,11,173225,True,1,2016-01-01,2026-04-28
GLW,GLW_0000000000-22-005699,"UPLOAD, CORRESP, CORRESP, UPLOAD, CORRESP, UPLOAD","STAFF_LETTER, FILER_RESPONSE, FILER_RESPONSE, STAFF_LETTER, FILER_RESPONSE, STAFF_LETTER",6,6,6,6,20,307911,True,1,2016-01-01,2026-04-28
GLW,GLW_0000000000-23-012635,"UPLOAD, CORRESP, UPLOAD, CORRESP, UPLOAD, CORRESP, CORRESP, UPLOAD","STAFF_LETTER, FILER_RESPONSE, STAFF_LETTER, FILER_RESPONSE, STAFF_LETTER, FILER_RESPONSE, FILER_RESPONSE, STAFF_LETTER",8,8,8,8,26,197626,True,1,2016-01-01,2026-04-28
HBAN,HBAN_0000000000-16-061412,"UPLOAD, UPLOAD, CORRESP, UPLOAD, CORRESP, CORRESP","STAFF_LETTER, STAFF_LETTER, FILER_RESPONSE, STAFF_LETTER, FILER_RESPONSE, FILER_RESPONSE",6,6,6,6,20,314146,True,1,2016-01-01,2026-04-28
HBAN,HBAN_0000000000-17-040659,"UPLOAD, CORRESP, UPLOAD","STAFF_LETTER, FILER_RESPONSE, STAFF_LETTER",3,3,3,3,11,490913,True,1,2016-01-01,2026-04-28
HBAN,HBAN_0000000000-21-001444,"UPLOAD, CORRESP, UPLOAD, CORRESP","STAFF_LETTER, FILER_RESPONSE, STAFF_LETTER, FILER_RESPONSE",4,4,4,4,14,82325,True,1,2016-01-01,2026-04-28
HBAN,HBAN_0000000000-25-007733,"UPLOAD, CORRESP, CORRESP","STAFF_LETTER, FILER_RESPONSE, FILER_RESPONSE",3,3,3,3,11,51528,True,1,2016-01-01,2026-04-28
HIG,,,,0,0,0,0,2,624861,True,1,,
HLT,HLT_0000000000-17-008976,"UPLOAD, CORRESP, UPLOAD, UPLOAD, CORRESP, CORRESP, UPLOAD, CORRESP","STAFF_LETTER, FILER_RESPONSE, STAFF_LETTER, STAFF_LETTER, FILER_RESPONSE, FILER_RESPONSE, STAFF_LETTER, FILER_RESPONSE",8,8,8,8,26,266265,True,0,2016-01-01,2026-04-28
HLT,HLT_0000000000-19-014057,"UPLOAD, CORRESP","STAFF_LETTER, FILER_RESPONSE",2,2,2,2,8,57871,True,0,2016-01-01,2026-04-28
HLT,HLT_0000000000-24-006691,"UPLOAD, CORRESP, UPLOAD, CORRESP, CORRESP, UPLOAD","STAFF_LETTER, FILER_RESPONSE, STAFF_LETTER, FILER_RESPONSE, FILER_RESPONSE, STAFF_LETTER",6,6,6,6,20,342546,True,0,2016-01-01,2026-04-28
IFF,IFF_0000000000-16-085841,"UPLOAD, CORRESP, UPLOAD","STAFF_LETTER, FILER_RESPONSE, STAFF_LETTER",3,3,3,3,11,204314,True,1,2016-01-01,2026-04-28
IFF,IFF_0000000000-17-013401,"UPLOAD, CORRESP, UPLOAD","STAFF_LETTER, FILER_RESPONSE, STAFF_LETTER",3,3,3,3,11,239992,True,1,2016-01-01,2026-04-28
IFF,IFF_0000000000-18-019487,"UPLOAD, CORRESP","STAFF_LETTER, FILER_RESPONSE",2,2,2,2,8,48924,True,1,2016-01-01,2026-04-28
IFF,IFF_0000000000-20-005058,"UPLOAD, UPLOAD, CORRESP, CORRESP, UPLOAD, CORRESP, UPLOAD","STAFF_LETTER, STAFF_LETTER, FILER_RESPONSE, FILER_RESPONSE, STAFF_LETTER, FILER_RESPONSE, STAFF_LETTER",7,7,7,7,23,185216,True,1,2016-01-01,2026-04-28
IFF,IFF_0000000000-24-009611,"UPLOAD, CORRESP, UPLOAD","STAFF_LETTER, FILER_RESPONSE, STAFF_LETTER",3,3,3,3,11,95164,True,1,2016-01-01,2026-04-28
ISRG,ISRG_0000000000-22-002263,"UPLOAD, CORRESP, UPLOAD","STAFF_LETTER, FILER_RESPONSE, STAFF_LETTER",3,3,3,3,11,84954,True,1,2016-01-01,2026-04-28
ITW,ITW_0000000000-21-011797,"UPLOAD, CORRESP, UPLOAD, CORRESP, UPLOAD","STAFF_LETTER, FILER_RESPONSE, STAFF_LETTER, FILER_RESPONSE, STAFF_LETTER",5,5,5,5,17,224579,True,0,2016-01-01,2026-04-28
ITW,ITW_0000000000-23-012160,"UPLOAD, UPLOAD, CORRESP, UPLOAD","STAFF_LETTER, STAFF_LETTER, FILER_RESPONSE, STAFF_LETTER",4,4,4,4,14,105940,True,0,2016-01-01,2026-04-28
KEYS,KEYS_0000000000-16-071042,"UPLOAD, CORRESP, UPLOAD","STAFF_LETTER, FILER_RESPONSE, STAFF_LETTER",3,3,3,3,11,197318,True,0,2016-01-01,2026-04-28
KEYS,KEYS_0000000000-20-001611,"UPLOAD, CORRESP, UPLOAD","STAFF_LETTER, FILER_RESPONSE, STAFF_LETTER",3,3,3,3,11,120063,True,0,2016-01-01,2026-04-28
KIM,KIM_0000000000-17-010670,"UPLOAD, UPLOAD, CORRESP","STAFF_LETTER, STAFF_LETTER, FILER_RESPONSE",3,3,3,3,11,148411,True,0,2016-01-01,2026-04-28
KIM,KIM_0000000000-21-006862,"UPLOAD, CORRESP","STAFF_LETTER, FILER_RESPONSE",2,2,2,2,8,41932,True,0,2016-01-01,2026-04-28
KIM,KIM_0000000000-23-011402,"UPLOAD, CORRESP, CORRESP","STAFF_LETTER, FILER_RESPONSE, FILER_RESPONSE",3,3,3,3,11,55183,True,0,2016-01-01,2026-04-28
KIM,KIM_0000000000-24-009904,"UPLOAD, CORRESP","STAFF_LETTER, FILER_RESPONSE",2,2,2,2,8,123989,True,0,2016-01-01,2026-04-28
KMI,KMI_0000000000-16-082397,"UPLOAD, CORRESP, UPLOAD, CORRESP, UPLOAD","STAFF_LETTER, FILER_RESPONSE, STAFF_LETTER, FILER_RESPONSE, STAFF_LETTER",5,5,5,5,17,491144,True,0,2016-01-01,2026-04-28
KMI,KMI_0000000000-21-002753,"UPLOAD, CORRESP, UPLOAD","STAFF_LETTER, FILER_RESPONSE, STAFF_LETTER",3,3,3,3,11,252660,True,0,2016-01-01,2026-04-28
KMI,KMI_0000000000-23-003113,"UPLOAD, CORRESP, CORRESP, UPLOAD, CORRESP, UPLOAD","STAFF_LETTER, FILER_RESPONSE, FILER_RESPONSE, STAFF_LETTER, FILER_RESPONSE, STAFF_LETTER",6,6,6,6,20,289535,True,0,2016-01-01,2026-04-28
LEN,LEN_0000000000-16-068040,"UPLOAD, CORRESP, UPLOAD, CORRESP, UPLOAD, CORRESP, UPLOAD, UPLOAD, CORRESP, UPLOAD, UPLOAD, CORRESP, UPLOAD, CORRESP, UPLOAD","STAFF_LETTER, FILER_RESPONSE, STAFF_LETTER, FILER_RESPONSE, STAFF_LETTER, FILER_RESPONSE, STAFF_LETTER, STAFF_LETTER, FILER_RESPONSE, STAFF_LETTER, STAFF_LETTER, FILER_RESPONSE, STAFF_LETTER, FILER_RESPONSE, STAFF_LETTER",15,15,15,15,47,1111331,True,0,2016-01-01,2026-04-28
LEN,LEN_0000000000-17-044289,"UPLOAD, UPLOAD, CORRESP, CORRESP","STAFF_LETTER, STAFF_LETTER, FILER_RESPONSE, FILER_RESPONSE",4,4,4,4,14,277179,True,0,2016-01-01,2026-04-28
LEN,LEN_0000000000-18-014217,"UPLOAD, CORRESP, CORRESP","STAFF_LETTER, FILER_RESPONSE, FILER_RESPONSE",3,3,3,3,11,68143,True,0,2016-01-01,2026-04-28
LEN,LEN_0000000000-19-007876,"UPLOAD, CORRESP, UPLOAD, CORRESP, UPLOAD","STAFF_LETTER, FILER_RESPONSE, STAFF_LETTER, FILER_RESPONSE, STAFF_LETTER",5,5,5,5,17,154870,True,0,2016-01-01,2026-04-28
LEN,LEN_0000000000-22-001608,"UPLOAD, CORRESP, UPLOAD","STAFF_LETTER, FILER_RESPONSE, STAFF_LETTER",3,3,3,3,11,80147,True,0,2016-01-01,2026-04-28
LHX,LHX_0000000000-16-094323,"UPLOAD, CORRESP, UPLOAD","STAFF_LETTER, FILER_RESPONSE, STAFF_LETTER",3,3,3,3,11,172394,True,1,2016-01-01,2026-04-28
LHX,LHX_0000000000-19-001516,"UPLOAD, CORRESP, CORRESP","STAFF_LETTER, FILER_RESPONSE, FILER_RESPONSE",3,3,3,3,11,85382,True,1,2016-01-01,2026-04-28
LHX,LHX_0000000000-20-000514,"UPLOAD, CORRESP, CORRESP, UPLOAD, CORRESP, CORRESP, CORRESP, CORRESP, UPLOAD","STAFF_LETTER, FILER_RESPONSE, FILER_RESPONSE, STAFF_LETTER, FILER_RESPONSE, FILER_RESPONSE, FILER_RESPONSE, FILER_RESPONSE, STAFF_LETTER",9,9,9,9,29,179821,True,1,2016-01-01,2026-04-28
LHX,LHX_0000000000-23-014012,"UPLOAD, CORRESP, UPLOAD, CORRESP, UPLOAD","STAFF_LETTER, FILER_RESPONSE, STAFF_LETTER, FILER_RESPONSE, STAFF_LETTER",5,5,5,5,17,198375,True,1,2016-01-01,2026-04-28
LULU,LULU_0000000000-17-023016,"UPLOAD, CORRESP, UPLOAD","STAFF_LETTER, FILER_RESPONSE, STAFF_LETTER",3,3,3,3,11,221871,True,0,2016-01-01,2026-04-28
LVS,LVS_0000000000-18-025693,"UPLOAD, CORRESP, UPLOAD, CORRESP, UPLOAD","STAFF_LETTER, FILER_RESPONSE, STAFF_LETTER, FILER_RESPONSE, STAFF_LETTER",5,5,5,5,17,295073,True,0,2016-01-01,2026-04-28
LVS,LVS_0000000000-21-011216,"UPLOAD, CORRESP, UPLOAD, CORRESP, UPLOAD","STAFF_LETTER, FILER_RESPONSE, STAFF_LETTER, FILER_RESPONSE, STAFF_LETTER",5,5,5,5,17,248219,True,0,2016-01-01,2026-04-28
LVS,LVS_0000000000-22-005802,"UPLOAD, CORRESP, UPLOAD, CORRESP, UPLOAD, CORRESP, UPLOAD, CORRESP, UPLOAD","STAFF_LETTER, FILER_RESPONSE, STAFF_LETTER, FILER_RESPONSE, STAFF_LETTER, FILER_RESPONSE, STAFF_LETTER, FILER_RESPONSE, STAFF_LETTER",9,9,9,9,29,489722,True,0,2016-01-01,2026-04-28
LVS,LVS_0000000000-23-002902,"UPLOAD, CORRESP, UPLOAD, CORRESP, UPLOAD, CORRESP, UPLOAD","STAFF_LETTER, FILER_RESPONSE, STAFF_LETTER, FILER_RESPONSE, STAFF_LETTER, FILER_RESPONSE, STAFF_LETTER",7,7,7,7,23,310453,True,0,2016-01-01,2026-04-28
LVS,LVS_9999999997-19-006421,"SEC STAFF LETTER, SEC STAFF LETTER","STAFF_LETTER, STAFF_LETTER",2,2,2,2,8,215335,True,0,2016-01-01,2026-04-28
MAR,MAR_0000000000-16-061961,"UPLOAD, CORRESP, CORRESP","STAFF_LETTER, FILER_RESPONSE, FILER_RESPONSE",3,3,3,3,11,216410,True,1,2016-01-01,2026-04-28
MAR,MAR_0000000000-17-014595,"UPLOAD, CORRESP, UPLOAD","STAFF_LETTER, FILER_RESPONSE, STAFF_LETTER",3,3,3,3,11,173575,True,1,2016-01-01,2026-04-28
MAR,MAR_0000000000-21-003413,"UPLOAD, CORRESP, UPLOAD, CORRESP, UPLOAD","STAFF_LETTER, FILER_RESPONSE, STAFF_LETTER, FILER_RESPONSE, STAFF_LETTER",5,5,5,5,17,126878,True,1,2016-01-01,2026-04-28
MAR,MAR_0000000000-23-003820,"UPLOAD, CORRESP, UPLOAD","STAFF_LETTER, FILER_RESPONSE, STAFF_LETTER",3,3,3,3,11,81152,True,1,2016-01-01,2026-04-28
MDLZ,MDLZ_0000000000-16-094772,"UPLOAD, CORRESP, UPLOAD, CORRESP, UPLOAD, UPLOAD, CORRESP, UPLOAD","STAFF_LETTER, FILER_RESPONSE, STAFF_LETTER, FILER_RESPONSE, STAFF_LETTER, STAFF_LETTER, FILER_RESPONSE, STAFF_LETTER",8,8,8,8,26,695069,True,0,2016-01-01,2026-04-28
MDLZ,MDLZ_0000000000-19-004694,"UPLOAD, CORRESP, UPLOAD","STAFF_LETTER, FILER_RESPONSE, STAFF_LETTER",3,3,3,3,11,102542,True,0,2016-01-01,2026-04-28
MDLZ,MDLZ_0000000000-22-009590,"UPLOAD, CORRESP, UPLOAD","STAFF_LETTER, FILER_RESPONSE, STAFF_LETTER",3,3,3,3,11,73480,True,0,2016-01-01,2026-04-28
MET,MET_0000000000-16-095584,"UPLOAD, CORRESP, UPLOAD","STAFF_LETTER, FILER_RESPONSE, STAFF_LETTER",3,3,3,3,11,263630,True,1,2016-01-01,2026-04-28
MET,MET_0000000000-17-042540,"UPLOAD, CORRESP, UPLOAD, UPLOAD, CORRESP, CORRESP, UPLOAD, CORRESP, UPLOAD","STAFF_LETTER, FILER_RESPONSE, STAFF_LETTER, STAFF_LETTER, FILER_RESPONSE, FILER_RESPONSE, STAFF_LETTER, FILER_RESPONSE, STAFF_LETTER",9,9,9,9,29,528543,True,1,2016-01-01,2026-04-28
MET,MET_0000000000-22-010452,"UPLOAD, CORRESP, UPLOAD","STAFF_LETTER, FILER_RESPONSE, STAFF_LETTER",3,3,3,3,11,85748,True,1,2016-01-01,2026-04-28
META,META_0000000000-16-073605,"UPLOAD, CORRESP, UPLOAD, CORRESP, UPLOAD, CORRESP, CORRESP, UPLOAD","STAFF_LETTER, FILER_RESPONSE, STAFF_LETTER, FILER_RESPONSE, STAFF_LETTER, FILER_RESPONSE, FILER_RESPONSE, STAFF_LETTER",8,8,8,8,26,502218,True,2,2016-01-01,2026-04-28
META,META_0000000000-21-011466,"UPLOAD, CORRESP, CORRESP, UPLOAD, CORRESP, CORRESP, UPLOAD","STAFF_LETTER, FILER_RESPONSE, FILER_RESPONSE, STAFF_LETTER, FILER_RESPONSE, FILER_RESPONSE, STAFF_LETTER",7,7,7,7,23,254128,True,2,2016-01-01,2026-04-28
META,META_0000000000-22-010750,"UPLOAD, CORRESP, CORRESP, UPLOAD, UPLOAD, CORRESP, CORRESP, CORRESP","STAFF_LETTER, FILER_RESPONSE, FILER_RESPONSE, STAFF_LETTER, STAFF_LETTER, FILER_RESPONSE, FILER_RESPONSE, FILER_RESPONSE",8,8,8,8,26,302616,True,2,2016-01-01,2026-04-28
META,META_0000000000-23-006892,UPLOAD,STAFF_LETTER,1,1,1,1,5,30503,True,2,2016-01-01,2026-04-28
MNST,MNST_0000000000-17-011057,"UPLOAD, CORRESP, UPLOAD","STAFF_LETTER, FILER_RESPONSE, STAFF_LETTER",3,3,3,3,11,95942,True,0,2016-01-01,2026-04-28
MNST,MNST_0000000000-18-014626,"UPLOAD, CORRESP, UPLOAD","STAFF_LETTER, FILER_RESPONSE, STAFF_LETTER",3,3,3,3,11,192986,True,0,2016-01-01,2026-04-28
MNST,MNST_0000000000-20-008892,"UPLOAD, CORRESP, UPLOAD, CORRESP, CORRESP, UPLOAD","STAFF_LETTER, FILER_RESPONSE, STAFF_LETTER, FILER_RESPONSE, FILER_RESPONSE, STAFF_LETTER",6,6,6,6,20,205767,True,0,2016-01-01,2026-04-28
MNST,MNST_0000000000-21-011411,"UPLOAD, CORRESP, UPLOAD, CORRESP, UPLOAD","STAFF_LETTER, FILER_RESPONSE, STAFF_LETTER, FILER_RESPONSE, STAFF_LETTER",5,5,5,5,17,138171,True,0,2016-01-01,2026-04-28
MNST,MNST_0000000000-23-006157,"UPLOAD, CORRESP, UPLOAD","STAFF_LETTER, FILER_RESPONSE, STAFF_LETTER",3,3,3,3,11,78221,True,0,2016-01-01,2026-04-28
MNST,MNST_0000000000-24-005447,"UPLOAD, CORRESP, UPLOAD, CORRESP","STAFF_LETTER, FILER_RESPONSE, STAFF_LETTER, FILER_RESPONSE",4,4,4,4,14,115934,True,0,2016-01-01,2026-04-28
MRSH,MRSH_0000000000-16-085137,"UPLOAD, CORRESP, CORRESP, CORRESP, UPLOAD","STAFF_LETTER, FILER_RESPONSE, FILER_RESPONSE, FILER_RESPONSE, STAFF_LETTER",5,5,5,5,17,226798,True,1,2016-01-01,2026-04-28
MRSH,MRSH_0000000000-22-010337,"UPLOAD, CORRESP, UPLOAD","STAFF_LETTER, FILER_RESPONSE, STAFF_LETTER",3,3,3,3,11,75618,True,1,2016-01-01,2026-04-28
MRSH,MRSH_0000000000-23-002612,"UPLOAD, CORRESP, CORRESP, UPLOAD","STAFF_LETTER, FILER_RESPONSE, FILER_RESPONSE, STAFF_LETTER",4,4,4,4,14,271739,True,1,2016-01-01,2026-04-28
MS,MS_0000000000-20-012228,"UPLOAD, CORRESP, CORRESP, CORRESP","STAFF_LETTER, FILER_RESPONSE, FILER_RESPONSE, FILER_RESPONSE",4,4,4,4,14,68620,True,32,2016-01-01,2026-04-28
MS,MS_0000000000-24-009288,"UPLOAD, CORRESP, UPLOAD, CORRESP, UPLOAD","STAFF_LETTER, FILER_RESPONSE, STAFF_LETTER, FILER_RESPONSE, STAFF_LETTER",5,5,5,5,17,205799,True,32,2016-01-01,2026-04-28
MTB,MTB_0000000000-16-098728,"UPLOAD, CORRESP, UPLOAD, CORRESP, UPLOAD","STAFF_LETTER, FILER_RESPONSE, STAFF_LETTER, FILER_RESPONSE, STAFF_LETTER",5,5,5,5,17,281320,True,1,2016-01-01,2026-04-28
MTB,MTB_0000000000-21-004213,"UPLOAD, CORRESP","STAFF_LETTER, FILER_RESPONSE",2,2,2,2,8,40637,True,1,2016-01-01,2026-04-28
MU,MU_0000000000-17-003380,"UPLOAD, CORRESP, UPLOAD, CORRESP, UPLOAD","STAFF_LETTER, FILER_RESPONSE, STAFF_LETTER, FILER_RESPONSE, STAFF_LETTER",5,5,5,5,17,196591,True,1,2016-01-01,2026-04-28
MU,MU_0000000000-18-019260,"UPLOAD, CORRESP, UPLOAD","STAFF_LETTER, FILER_RESPONSE, STAFF_LETTER",3,3,3,3,11,190477,True,1,2016-01-01,2026-04-28
NCLH,NCLH_0000000000-16-066278,"UPLOAD, CORRESP, CORRESP, UPLOAD, CORRESP, UPLOAD, UPLOAD","STAFF_LETTER, FILER_RESPONSE, FILER_RESPONSE, STAFF_LETTER, FILER_RESPONSE, STAFF_LETTER, STAFF_LETTER",7,7,7,7,23,364432,True,0,2016-01-01,2026-04-28
NCLH,NCLH_0000000000-17-009157,"UPLOAD, CORRESP, UPLOAD","STAFF_LETTER, FILER_RESPONSE, STAFF_LETTER",3,3,3,3,11,171074,True,0,2016-01-01,2026-04-28
NCLH,NCLH_0000000000-18-026944,"UPLOAD, CORRESP, UPLOAD","STAFF_LETTER, FILER_RESPONSE, STAFF_LETTER",3,3,3,3,11,134380,True,0,2016-01-01,2026-04-28
NCLH,NCLH_0000000000-20-006459,"UPLOAD, CORRESP","STAFF_LETTER, FILER_RESPONSE",2,2,2,2,8,39140,True,0,2016-01-01,2026-04-28
NOW,NOW_0000000000-19-011955,"UPLOAD, CORRESP, UPLOAD","STAFF_LETTER, FILER_RESPONSE, STAFF_LETTER",3,3,3,3,11,98093,True,1,2016-01-01,2026-04-28
NOW,NOW_0000000000-22-009615,"UPLOAD, CORRESP, UPLOAD","STAFF_LETTER, FILER_RESPONSE, STAFF_LETTER",3,3,3,3,11,89520,True,1,2016-01-01,2026-04-28
NOW,NOW_0000000000-23-003372,"UPLOAD, CORRESP","STAFF_LETTER, FILER_RESPONSE",2,2,2,2,8,85905,True,1,2016-01-01,2026-04-28
NOW,NOW_0000000000-23-010177,UPLOAD,STAFF_LETTER,1,1,1,1,5,30444,True,1,2016-01-01,2026-04-28
NOW,NOW_0000000000-25-004634,"UPLOAD, CORRESP, CORRESP","STAFF_LETTER, FILER_RESPONSE, FILER_RESPONSE",3,3,3,3,11,66479,True,1,2016-01-01,2026-04-28
NRG,NRG_0000000000-16-075770,"UPLOAD, CORRESP, UPLOAD, CORRESP, UPLOAD, CORRESP","STAFF_LETTER, FILER_RESPONSE, STAFF_LETTER, FILER_RESPONSE, STAFF_LETTER, FILER_RESPONSE",6,6,6,6,20,756219,True,1,2016-01-01,2026-04-28
NRG,NRG_0000000000-18-022533,"UPLOAD, CORRESP, UPLOAD, CORRESP, UPLOAD, CORRESP","STAFF_LETTER, FILER_RESPONSE, STAFF_LETTER, FILER_RESPONSE, STAFF_LETTER, FILER_RESPONSE",6,6,6,6,20,364277,True,1,2016-01-01,2026-04-28
NRG,NRG_0000000000-19-010303,"UPLOAD, CORRESP, CORRESP, UPLOAD, CORRESP, UPLOAD","STAFF_LETTER, FILER_RESPONSE, FILER_RESPONSE, STAFF_LETTER, FILER_RESPONSE, STAFF_LETTER",6,6,6,6,20,221208,True,1,2016-01-01,2026-04-28
NRG,NRG_0000000000-21-010799,"UPLOAD, CORRESP, UPLOAD","STAFF_LETTER, FILER_RESPONSE, STAFF_LETTER",3,3,3,3,11,213507,True,1,2016-01-01,2026-04-28
NRG,NRG_0000000000-24-010545,"UPLOAD, CORRESP, UPLOAD","STAFF_LETTER, FILER_RESPONSE, STAFF_LETTER",3,3,3,3,11,89558,True,1,2016-01-01,2026-04-28
OKE,OKE_0000000000-16-063611,"UPLOAD, CORRESP, UPLOAD","STAFF_LETTER, FILER_RESPONSE, STAFF_LETTER",3,3,3,3,11,188027,True,1,2016-01-01,2026-04-28
OKE,OKE_0000000000-17-012000,"UPLOAD, CORRESP, UPLOAD, CORRESP, UPLOAD","STAFF_LETTER, FILER_RESPONSE, STAFF_LETTER, FILER_RESPONSE, STAFF_LETTER",5,5,5,5,17,303633,True,1,2016-01-01,2026-04-28
OKE,OKE_0000000000-22-009320,"UPLOAD, CORRESP, UPLOAD, CORRESP, CORRESP, UPLOAD","STAFF_LETTER, FILER_RESPONSE, STAFF_LETTER, FILER_RESPONSE, FILER_RESPONSE, STAFF_LETTER",6,6,6,6,20,182567,True,1,2016-01-01,2026-04-28
OKE,OKE_0000000000-23-006899,"UPLOAD, CORRESP","STAFF_LETTER, FILER_RESPONSE",2,2,2,2,8,40248,True,1,2016-01-01,2026-04-28
OKE,OKE_0000000000-24-013926,"UPLOAD, CORRESP","STAFF_LETTER, FILER_RESPONSE",2,2,2,2,8,39395,True,1,2016-01-01,2026-04-28
OXY,OXY_0000000000-16-081784,"UPLOAD, CORRESP, UPLOAD","STAFF_LETTER, FILER_RESPONSE, STAFF_LETTER",3,3,3,3,11,188998,True,1,2016-01-01,2026-04-28
OXY,OXY_0000000000-17-021746,"UPLOAD, CORRESP, UPLOAD, CORRESP, UPLOAD","STAFF_LETTER, FILER_RESPONSE, STAFF_LETTER, FILER_RESPONSE, STAFF_LETTER",5,5,5,5,17,335693,True,1,2016-01-01,2026-04-28
OXY,OXY_0000000000-19-010556,"UPLOAD, UPLOAD, UPLOAD, CORRESP, CORRESP, UPLOAD, CORRESP, UPLOAD, CORRESP, UPLOAD","STAFF_LETTER, STAFF_LETTER, STAFF_LETTER, FILER_RESPONSE, FILER_RESPONSE, STAFF_LETTER, FILER_RESPONSE, STAFF_LETTER, FILER_RESPONSE, STAFF_LETTER",10,10,10,10,32,793939,True,1,2016-01-01,2026-04-28
OXY,OXY_0000000000-20-005467,"UPLOAD, CORRESP, UPLOAD","STAFF_LETTER, FILER_RESPONSE, STAFF_LETTER",3,3,3,3,11,93449,True,1,2016-01-01,2026-04-28
OXY,OXY_0000000000-24-004826,"UPLOAD, CORRESP, UPLOAD","STAFF_LETTER, FILER_RESPONSE, STAFF_LETTER",3,3,3,3,11,96853,True,1,2016-01-01,2026-04-28
PODD,PODD_0000000000-16-082809,"UPLOAD, CORRESP, UPLOAD, CORRESP, UPLOAD","STAFF_LETTER, FILER_RESPONSE, STAFF_LETTER, FILER_RESPONSE, STAFF_LETTER",5,5,5,5,17,513244,True,0,2016-01-01,2026-04-28
PODD,PODD_0000000000-22-004058,"UPLOAD, CORRESP, UPLOAD","STAFF_LETTER, FILER_RESPONSE, STAFF_LETTER",3,3,3,3,11,73184,True,0,2016-01-01,2026-04-28
RCL,RCL_0000000000-16-072737,"UPLOAD, CORRESP, CORRESP, UPLOAD, CORRESP, CORRESP, UPLOAD","STAFF_LETTER, FILER_RESPONSE, FILER_RESPONSE, STAFF_LETTER, FILER_RESPONSE, FILER_RESPONSE, STAFF_LETTER",7,7,7,7,23,373233,True,1,2016-01-01,2026-04-28
RCL,RCL_0000000000-17-013501,"UPLOAD, CORRESP, UPLOAD","STAFF_LETTER, FILER_RESPONSE, STAFF_LETTER",3,3,3,3,11,170513,True,1,2016-01-01,2026-04-28
RCL,RCL_0000000000-19-007772,"UPLOAD, CORRESP, UPLOAD","STAFF_LETTER, FILER_RESPONSE, STAFF_LETTER",3,3,3,3,11,105992,True,1,2016-01-01,2026-04-28
RCL,RCL_0000000000-21-011331,"UPLOAD, CORRESP, CORRESP, UPLOAD, CORRESP, CORRESP, UPLOAD","STAFF_LETTER, FILER_RESPONSE, FILER_RESPONSE, STAFF_LETTER, FILER_RESPONSE, FILER_RESPONSE, STAFF_LETTER",7,7,7,7,23,238842,True,1,2016-01-01,2026-04-28
RJF,RJF_0000000000-19-005386,"UPLOAD, UPLOAD, CORRESP","STAFF_LETTER, STAFF_LETTER, FILER_RESPONSE",3,3,3,3,11,184947,True,1,2016-01-01,2026-04-28
RJF,RJF_0000000000-21-015173,"UPLOAD, CORRESP","STAFF_LETTER, FILER_RESPONSE",2,2,2,2,8,40754,True,1,2016-01-01,2026-04-28
RMD,RMD_0000000000-16-102723,"UPLOAD, CORRESP, UPLOAD, UPLOAD","STAFF_LETTER, FILER_RESPONSE, STAFF_LETTER, STAFF_LETTER",4,4,4,4,14,268440,True,1,2016-01-01,2026-04-28
RMD,RMD_0000000000-21-002318,"UPLOAD, CORRESP, UPLOAD","STAFF_LETTER, FILER_RESPONSE, STAFF_LETTER",3,3,3,3,11,83280,True,1,2016-01-01,2026-04-28
ROK,,,,0,0,0,0,2,776227,True,1,,
ROST,ROST_0000000000-25-006364,"UPLOAD, CORRESP, UPLOAD, CORRESP, UPLOAD","STAFF_LETTER, FILER_RESPONSE, STAFF_LETTER, FILER_RESPONSE, STAFF_LETTER",5,5,5,5,17,136383,True,0,2016-01-01,2026-04-28
SBUX,SBUX_0000000000-19-008093,"UPLOAD, CORRESP, UPLOAD, CORRESP, UPLOAD","STAFF_LETTER, FILER_RESPONSE, STAFF_LETTER, FILER_RESPONSE, STAFF_LETTER",5,5,5,5,17,202686,True,0,2016-01-01,2026-04-28
SBUX,SBUX_0000000000-20-002630,"UPLOAD, CORRESP, UPLOAD","STAFF_LETTER, FILER_RESPONSE, STAFF_LETTER",3,3,3,3,11,117556,True,0,2016-01-01,2026-04-28
SBUX,SBUX_0000000000-21-011675,"UPLOAD, CORRESP, UPLOAD, CORRESP, UPLOAD","STAFF_LETTER, FILER_RESPONSE, STAFF_LETTER, FILER_RESPONSE, STAFF_LETTER",5,5,5,5,17,216983,True,0,2016-01-01,2026-04-28
SBUX,SBUX_0000000000-24-000582,UPLOAD,STAFF_LETTER,1,1,1,1,5,35179,True,0,2016-01-01,2026-04-28
SMCI,,,,0,0,0,0,1,308979,True,0,,
SO,SO_0000000000-21-010013,"UPLOAD, CORRESP, UPLOAD, CORRESP, UPLOAD","STAFF_LETTER, FILER_RESPONSE, STAFF_LETTER, FILER_RESPONSE, STAFF_LETTER",5,5,5,5,17,136364,True,1,2016-01-01,2026-04-28
SOLV,SOLV_0000000000-23-002523,"UPLOAD, UPLOAD, UPLOAD, UPLOAD","STAFF_LETTER, STAFF_LETTER, STAFF_LETTER, STAFF_LETTER",4,4,4,4,14,176711,True,0,2016-01-01,2026-04-28
SOLV,SOLV_0000000000-24-000187,"UPLOAD, UPLOAD, UPLOAD, CORRESP","STAFF_LETTER, STAFF_LETTER, STAFF_LETTER, FILER_RESPONSE",4,4,4,4,14,138042,True,0,2016-01-01,2026-04-28
SOLV,SOLV_0000000000-24-002348,"UPLOAD, CORRESP, CORRESP, SEC STAFF LETTER, SEC STAFF ACTION","STAFF_LETTER, FILER_RESPONSE, FILER_RESPONSE, STAFF_LETTER, STAFF_ACTION",5,5,5,5,17,140959,True,0,2016-01-01,2026-04-28
SOLV,SOLV_0000000000-24-012887,"UPLOAD, CORRESP","STAFF_LETTER, FILER_RESPONSE",2,2,2,2,8,40733,True,0,2016-01-01,2026-04-28
SOLV,SOLV_9999999997-24-000415,SEC STAFF LETTER,STAFF_LETTER,1,1,1,1,5,49919,True,0,2016-01-01,2026-04-28
STE,STE_0000000000-21-002841,"UPLOAD, CORRESP","STAFF_LETTER, FILER_RESPONSE",2,2,2,2,8,42028,True,0,2016-01-01,2026-04-28
STE,STE_0000000000-24-003167,"UPLOAD, CORRESP, UPLOAD, CORRESP, UPLOAD","STAFF_LETTER, FILER_RESPONSE, STAFF_LETTER, FILER_RESPONSE, STAFF_LETTER",5,5,5,5,17,164974,True,0,2016-01-01,2026-04-28
TAP,TAP_0000000000-16-060314,"UPLOAD, CORRESP, UPLOAD, UPLOAD, CORRESP, CORRESP, CORRESP, UPLOAD, UPLOAD, CORRESP","STAFF_LETTER, FILER_RESPONSE, STAFF_LETTER, STAFF_LETTER, FILER_RESPONSE, FILER_RESPONSE, FILER_RESPONSE, STAFF_LETTER, STAFF_LETTER, FILER_RESPONSE",10,10,10,10,32,441901,True,1,2016-01-01,2026-04-28
TAP,TAP_0000000000-18-010207,"UPLOAD, CORRESP, UPLOAD","STAFF_LETTER, FILER_RESPONSE, STAFF_LETTER",3,3,3,3,11,105145,True,1,2016-01-01,2026-04-28
TAP,TAP_0000000000-19-008459,"UPLOAD, UPLOAD, CORRESP","STAFF_LETTER, STAFF_LETTER, FILER_RESPONSE",3,3,3,3,11,92077,True,1,2016-01-01,2026-04-28
TAP,TAP_0000000000-23-002985,"UPLOAD, CORRESP, UPLOAD","STAFF_LETTER, FILER_RESPONSE, STAFF_LETTER",3,3,3,3,11,100613,True,1,2016-01-01,2026-04-28
TFC,TFC_0000000000-16-105326,"UPLOAD, CORRESP, UPLOAD","STAFF_LETTER, FILER_RESPONSE, STAFF_LETTER",3,3,3,3,11,92625,True,1,2016-01-01,2026-04-28
TFC,TFC_0000000000-19-006560,"UPLOAD, CORRESP, CORRESP, UPLOAD, CORRESP, CORRESP, UPLOAD, CORRESP","STAFF_LETTER, FILER_RESPONSE, FILER_RESPONSE, STAFF_LETTER, FILER_RESPONSE, FILER_RESPONSE, STAFF_LETTER, FILER_RESPONSE",8,8,8,8,26,215985,True,1,2016-01-01,2026-04-28
TFC,TFC_0000000000-20-006213,"UPLOAD, CORRESP","STAFF_LETTER, FILER_RESPONSE",2,2,2,2,8,40982,True,1,2016-01-01,2026-04-28
TFC,TFC_0000000000-22-000223,"UPLOAD, CORRESP","STAFF_LETTER, FILER_RESPONSE",2,2,2,2,8,39883,True,1,2016-01-01,2026-04-28
TFC,TFC_0000000000-24-004217,"UPLOAD, CORRESP, UPLOAD","STAFF_LETTER, FILER_RESPONSE, STAFF_LETTER",3,3,3,3,11,332427,True,1,2016-01-01,2026-04-28
TPL,TPL_0000000000-20-005339,"UPLOAD, UPLOAD, SEC STAFF ACTION","STAFF_LETTER, STAFF_LETTER, STAFF_ACTION",3,3,3,3,11,83714,True,1,2016-01-01,2026-04-28
TPL,TPL_0000000000-25-010229,"UPLOAD, CORRESP, CORRESP, UPLOAD","STAFF_LETTER, FILER_RESPONSE, FILER_RESPONSE, STAFF_LETTER",4,4,4,4,14,262987,True,1,2016-01-01,2026-04-28
TPR,TPR_0000000000-20-000940,"UPLOAD, CORRESP, UPLOAD","STAFF_LETTER, FILER_RESPONSE, STAFF_LETTER",3,3,3,3,11,81991,True,0,2016-01-01,2026-04-28
TYL,TYL_0000000000-18-028949,"UPLOAD, CORRESP, UPLOAD","STAFF_LETTER, FILER_RESPONSE, STAFF_LETTER",3,3,3,3,11,111152,True,1,2016-01-01,2026-04-28
TYL,TYL_0000000000-23-009644,"UPLOAD, CORRESP, UPLOAD, UPLOAD, UPLOAD","STAFF_LETTER, FILER_RESPONSE, STAFF_LETTER, STAFF_LETTER, STAFF_LETTER",5,5,5,5,17,206711,True,1,2016-01-01,2026-04-28
TYL,TYL_0000000000-25-003720,"UPLOAD, CORRESP, UPLOAD","STAFF_LETTER, FILER_RESPONSE, STAFF_LETTER",3,3,3,3,11,270753,True,1,2016-01-01,2026-04-28
USB,,,,0,0,0,0,2,755530,True,1,,
VRSK,VRSK_0000000000-19-010409,"UPLOAD, CORRESP, UPLOAD","STAFF_LETTER, FILER_RESPONSE, STAFF_LETTER",3,3,3,3,11,81908,True,0,2016-01-01,2026-04-28
VRTX,VRTX_0000000000-16-076290,"UPLOAD, CORRESP, UPLOAD, CORRESP, CORRESP, UPLOAD, CORRESP, CORRESP, UPLOAD, CORRESP, CORRESP, UPLOAD","STAFF_LETTER, FILER_RESPONSE, STAFF_LETTER, FILER_RESPONSE, FILER_RESPONSE, STAFF_LETTER, FILER_RESPONSE, FILER_RESPONSE, STAFF_LETTER, FILER_RESPONSE, FILER_RESPONSE, STAFF_LETTER",12,12,12,12,38,866897,True,1,2016-01-01,2026-04-28
VRTX,VRTX_0000000000-22-010341,"UPLOAD, CORRESP, UPLOAD","STAFF_LETTER, FILER_RESPONSE, STAFF_LETTER",3,3,3,3,11,88982,True,1,2016-01-01,2026-04-28
VRTX,VRTX_0000000000-25-003690,"UPLOAD, CORRESP, UPLOAD","STAFF_LETTER, FILER_RESPONSE, STAFF_LETTER",3,3,3,3,11,80171,True,1,2016-01-01,2026-04-28
VRTX,VRTX_9999999997-20-000600,"SEC STAFF LETTER, SEC STAFF LETTER","STAFF_LETTER, STAFF_LETTER",2,2,2,2,8,339337,True,1,2016-01-01,2026-04-28
VST,VST_0000000000-17-002173,"UPLOAD, CORRESP, UPLOAD, CORRESP, UPLOAD, CORRESP, CORRESP","STAFF_LETTER, FILER_RESPONSE, STAFF_LETTER, FILER_RESPONSE, STAFF_LETTER, FILER_RESPONSE, FILER_RESPONSE",7,7,7,7,23,561593,True,0,2016-01-01,2026-04-28
VST,VST_0000000000-17-045125,"UPLOAD, CORRESP","STAFF_LETTER, FILER_RESPONSE",2,2,2,2,8,36221,True,0,2016-01-01,2026-04-28
VST,VST_0000000000-18-023647,"UPLOAD, CORRESP","STAFF_LETTER, FILER_RESPONSE",2,2,2,2,8,35889,True,0,2016-01-01,2026-04-28
VST,VST_0000000000-20-004451,"UPLOAD, CORRESP, UPLOAD","STAFF_LETTER, FILER_RESPONSE, STAFF_LETTER",3,3,3,3,11,84000,True,0,2016-01-01,2026-04-28
VST,VST_9999999997-21-001049,"SEC STAFF LETTER, SEC STAFF LETTER","STAFF_LETTER, STAFF_LETTER",2,2,2,2,8,402361,True,0,2016-01-01,2026-04-28
VTR,VTR_0000000000-16-073108,"UPLOAD, CORRESP, UPLOAD, CORRESP, UPLOAD","STAFF_LETTER, FILER_RESPONSE, STAFF_LETTER, FILER_RESPONSE, STAFF_LETTER",5,5,5,5,17,383438,True,1,2016-01-01,2026-04-28
VTR,VTR_0000000000-17-010655,"UPLOAD, CORRESP, UPLOAD","STAFF_LETTER, FILER_RESPONSE, STAFF_LETTER",3,3,3,3,11,81900,True,1,2016-01-01,2026-04-28
VTR,VTR_0000000000-18-007350,"UPLOAD, CORRESP, UPLOAD, CORRESP, UPLOAD","STAFF_LETTER, FILER_RESPONSE, STAFF_LETTER, FILER_RESPONSE, STAFF_LETTER",5,5,5,5,17,328925,True,1,2016-01-01,2026-04-28
VTR,VTR_0000000000-21-006675,"UPLOAD, CORRESP, UPLOAD, CORRESP, UPLOAD, UPLOAD, CORRESP","STAFF_LETTER, FILER_RESPONSE, STAFF_LETTER, FILER_RESPONSE, STAFF_LETTER, STAFF_LETTER, FILER_RESPONSE",7,7,7,7,23,201593,True,1,2016-01-01,2026-04-28
VTR,VTR_0000000000-22-002848,UPLOAD,STAFF_LETTER,1,1,1,1,5,33403,True,1,2016-01-01,2026-04-28
WM,WM_0000000000-16-086446,"UPLOAD, CORRESP, CORRESP, UPLOAD","STAFF_LETTER, FILER_RESPONSE, FILER_RESPONSE, STAFF_LETTER",4,4,4,4,14,257308,True,1,2016-01-01,2026-04-28
WM,WM_0000000000-18-020863,"UPLOAD, CORRESP, UPLOAD","STAFF_LETTER, FILER_RESPONSE, STAFF_LETTER",3,3,3,3,11,125064,True,1,2016-01-01,2026-04-28
WM,WM_0000000000-22-003136,"UPLOAD, CORRESP, UPLOAD","STAFF_LETTER, FILER_RESPONSE, STAFF_LETTER",3,3,3,3,11,87735,True,1,2016-01-01,2026-04-28
WM,WM_0000000000-25-005259,"UPLOAD, CORRESP, CORRESP","STAFF_LETTER, FILER_RESPONSE, FILER_RESPONSE",3,3,3,3,11,64032,True,1,2016-01-01,2026-04-28
WMT,WMT_0000000000-16-083666,"UPLOAD, CORRESP, UPLOAD","STAFF_LETTER, FILER_RESPONSE, STAFF_LETTER",3,3,3,3,11,334718,True,1,2016-01-01,2026-04-28
WMT,WMT_0000000000-17-017799,"UPLOAD, CORRESP, UPLOAD, CORRESP, UPLOAD","STAFF_LETTER, FILER_RESPONSE, STAFF_LETTER, FILER_RESPONSE, STAFF_LETTER",5,5,5,5,17,203158,True,1,2016-01-01,2026-04-28
WMT,WMT_0000000000-18-022033,"UPLOAD, CORRESP, UPLOAD","STAFF_LETTER, FILER_RESPONSE, STAFF_LETTER",3,3,3,3,11,179670,True,1,2016-01-01,2026-04-28
WRB,WRB_0000000000-17-014278,"UPLOAD, CORRESP, CORRESP, UPLOAD","STAFF_LETTER, FILER_RESPONSE, FILER_RESPONSE, STAFF_LETTER",4,4,4,4,14,220359,True,0,2016-01-01,2026-04-28
WY,WY_0000000000-16-068574,"UPLOAD, CORRESP, CORRESP, UPLOAD, CORRESP, UPLOAD","STAFF_LETTER, FILER_RESPONSE, FILER_RESPONSE, STAFF_LETTER, FILER_RESPONSE, STAFF_LETTER",6,6,6,6,20,269972,True,0,2016-01-01,2026-04-28
WYNN,WYNN_0000000000-18-013115,UPLOAD,STAFF_LETTER,1,1,1,1,5,117067,True,0,2016-01-01,2026-04-28
XYL,XYL_0000000000-17-043097,"UPLOAD, CORRESP, UPLOAD","STAFF_LETTER, FILER_RESPONSE, STAFF_LETTER",3,3,3,3,11,249209,True,0,2016-01-01,2026-04-28
XYL,XYL_0000000000-20-002659,"UPLOAD, CORRESP, UPLOAD","STAFF_LETTER, FILER_RESPONSE, STAFF_LETTER",3,3,3,3,11,124553,True,0,2016-01-01,2026-04-28
XYL,XYL_0000000000-22-008046,"UPLOAD, CORRESP, UPLOAD, CORRESP, CORRESP, UPLOAD, UPLOAD, CORRESP, UPLOAD, CORRESP, UPLOAD","STAFF_LETTER, FILER_RESPONSE, STAFF_LETTER, FILER_RESPONSE, FILER_RESPONSE, STAFF_LETTER, STAFF_LETTER, FILER_RESPONSE, STAFF_LETTER, FILER_RESPONSE, STAFF_LETTER",11,11,11,11,35,508482,True,0,2016-01-01,2026-04-28
XYL,XYL_0000000000-24-008323,"UPLOAD, CORRESP, UPLOAD, CORRESP, CORRESP, UPLOAD, UPLOAD","STAFF_LETTER, FILER_RESPONSE, STAFF_LETTER, FILER_RESPONSE, FILER_RESPONSE, STAFF_LETTER, STAFF_LETTER",7,7,7,7,23,205213,True,0,2016-01-01,2026-04-28
XYZ,XYZ_0000000000-18-025443,"UPLOAD, CORRESP, CORRESP, UPLOAD, CORRESP, UPLOAD","STAFF_LETTER, FILER_RESPONSE, FILER_RESPONSE, STAFF_LETTER, FILER_RESPONSE, STAFF_LETTER",6,6,6,6,20,275210,True,1,2016-01-01,2026-04-28
XYZ,XYZ_0000000000-23-006942,"UPLOAD, CORRESP, UPLOAD","STAFF_LETTER, FILER_RESPONSE, STAFF_LETTER",3,3,3,3,11,74507,True,1,2016-01-01,2026-04-28
ZBH,ZBH_0000000000-18-013314,"UPLOAD, CORRESP, CORRESP, UPLOAD","STAFF_LETTER, FILER_RESPONSE, FILER_RESPONSE, STAFF_LETTER",4,4,4,4,14,756983,True,1,2016-01-01,2026-04-28
